ID,PROJECT,FILE,START,END,LOC,LOCNAMM,WMC,WMCNAMM,NOM,NOMNAMM,NOA,AMW,AMWNAMM,NOAM,WOC,is_god_class
C-000002,MapTalks,src/control/Control.Compass.js,23,75,53,53,9,9,7,7,0,1.2857142857142858,1.2857142857142858,0,1.0,0
C-000008,MapTalks,src/control/Control.Reset.js,24,64,41,41,8,8,7,7,0,1.1428571428571428,1.1428571428571428,0,1.0,0
C-000009,MapTalks,src/control/Control.Scale.js,40,127,88,88,24,24,9,9,0,2.6666666666666665,2.6666666666666665,0,1.0,0
C-000011,MapTalks,src/control/Control.Zoom.js,36,210,175,175,12,12,7,7,0,1.7142857142857142,1.7142857142857142,0,1.0,0
C-000012,MapTalks,src/core/Animation.js,89,107,19,13,3,1,3,1,2,1.0,1.0,2,0.2,0
C-000013,MapTalks,src/core/Animation.js,114,131,18,18,1,1,1,1,7,1.0,1.0,0,0.125,0
C-000015,MapTalks,src/core/CollisionIndex.js,15,60,46,46,5,5,5,5,1,1.0,1.0,0,0.8333333333333334,0
C-000019,MapTalks,src/core/worker/WorkerPool.js,42,104,63,63,18,18,5,5,4,3.6,3.6,0,0.5555555555555556,0
C-000021,MapTalks,src/geo/CRS.js,6,43,38,38,5,5,3,3,2,1.6666666666666667,1.6666666666666667,0,0.6,0
C-000022,MapTalks,src/geo/Extent.js,40,641,602,602,128,128,35,35,3,3.657142857142857,3.657142857142857,0,0.9210526315789472,1
C-000023,MapTalks,src/geo/measurer/Sphere.js,10,115,106,106,21,21,7,7,1,3.0,3.0,0,0.875,0
C-000026,MapTalks,src/geo/Position.js,8,305,298,298,54,54,29,29,3,1.862068965517241,1.862068965517241,0,0.90625,1
C-000028,MapTalks,src/geo/transformation/Transformation.js,11,62,52,52,5,5,3,3,1,1.6666666666666667,1.6666666666666667,0,0.75,0
C-000029,MapTalks,src/geometry/ArcCurve.js,36,61,26,26,3,3,3,3,0,1.0,1.0,0,1.0,0
C-000030,MapTalks,src/geometry/Circle.js,33,194,162,162,26,26,15,15,1,1.7333333333333334,1.7333333333333334,0,0.9375,0
C-000034,MapTalks,src/geometry/Curve.js,19,85,67,67,18,18,4,4,0,4.5,4.5,0,1.0,0
C-000035,MapTalks,src/geometry/editor/GeometryEditor.js,47,1294,1248,1248,125,125,33,33,1,3.787878787878788,3.787878787878788,0,0.9705882352941176,1
C-000036,MapTalks,src/geometry/Ellipse.js,28,212,185,185,34,34,17,17,2,2.0,2.0,0,0.8947368421052632,0
C-000037,MapTalks,src/geometry/ext/Geometry.Drag.js,22,354,333,333,68,68,15,15,0,4.533333333333333,4.533333333333333,0,1.0,1
C-000038,MapTalks,src/geometry/Geometry.js,72,1529,1458,1458,294,294,88,88,0,3.340909090909091,3.340909090909091,0,1.0,1
C-000039,MapTalks,src/geometry/GeometryCollection.js,23,566,544,544,101,101,35,35,1,2.8857142857142857,2.8857142857142857,0,0.9722222222222222,1
C-000041,MapTalks,src/geometry/LineString.js,32,98,67,67,11,11,7,7,1,1.5714285714285714,1.5714285714285714,0,0.875,0
C-000043,MapTalks,src/geometry/MultiGeometry.js,10,86,77,77,15,15,7,7,2,2.142857142857143,2.142857142857143,0,0.7777777777777778,0
C-000044,MapTalks,src/geometry/MultiLineString.js,35,44,10,10,1,1,1,1,0,1.0,1.0,0,1.0,0
C-000046,MapTalks,src/geometry/MultiPoint.js,18,49,32,32,3,3,2,2,0,1.5,1.5,0,1.0,0
C-000047,MapTalks,src/geometry/MultiPolygon.js,45,54,10,10,1,1,1,1,0,1.0,1.0,0,1.0,0
C-000048,MapTalks,src/geometry/Path.js,41,417,377,377,75,75,17,17,0,4.411764705882353,4.411764705882353,0,1.0,1
C-000049,MapTalks,src/geometry/Polygon.js,27,287,261,261,55,55,21,21,1,2.619047619047619,2.619047619047619,0,0.9545454545454546,1
C-000050,MapTalks,src/geometry/QuadBezierCurve.js,24,52,29,29,4,4,4,4,0,1.0,1.0,0,1.0,0
C-000051,MapTalks,src/geometry/Rectangle.js,16,297,282,282,56,56,25,25,2,2.24,2.24,0,0.925925925925926,1
C-000052,MapTalks,src/geometry/Sector.js,24,169,146,146,21,21,11,11,2,1.9090909090909087,1.9090909090909087,0,0.8461538461538461,0
C-000053,MapTalks,src/geometry/TextBox.js,63,337,275,275,59,59,14,14,3,4.214285714285714,4.214285714285714,0,0.8235294117647058,1
C-000055,MapTalks,src/handler/Drag.js,26,159,134,134,34,34,7,7,2,4.857142857142857,4.857142857142857,0,0.7777777777777778,0
C-000057,MapTalks,src/layer/CanvasLayer.js,40,201,162,162,23,23,19,19,0,1.2105263157894737,1.2105263157894737,0,1.0,0
C-000058,MapTalks,src/layer/ImageLayer.js,46,100,55,55,11,11,5,5,1,2.2,2.2,0,0.8333333333333334,0
C-000060,MapTalks,src/layer/ImageLayer.js,219,297,79,79,21,21,10,10,0,2.1,2.1,0,1.0,0
C-000061,MapTalks,src/layer/Layer.js,65,633,569,569,123,123,41,41,1,3.0,3.0,0,0.9761904761904762,1
C-000062,MapTalks,src/layer/OverlayLayer.js,35,696,662,662,145,145,38,38,2,3.8157894736842106,3.8157894736842106,0,0.95,1
C-000063,MapTalks,src/layer/ParticleLayer.js,36,89,54,54,14,14,3,3,0,4.666666666666667,4.666666666666667,0,1.0,0
C-000065,MapTalks,src/layer/tile/GroupTileLayer.js,48,359,312,312,55,55,20,20,3,2.75,2.75,0,0.8695652173913043,1
C-000066,MapTalks,src/layer/tile/tileinfo/TileConfig.js,14,267,254,254,53,53,11,11,7,4.818181818181818,4.818181818181818,0,0.6111111111111112,1
C-000067,MapTalks,src/layer/tile/tileinfo/TileSystem.js,12,61,50,50,7,7,2,2,2,3.5,3.5,0,0.5,0
C-000068,MapTalks,src/layer/tile/TileLayer.js,30,59,30,30,8,8,4,4,1,2.0,2.0,0,0.8,0
C-000069,MapTalks,src/layer/tile/TileLayer.js,181,1355,1175,1175,222,222,40,40,0,5.55,5.55,0,1.0,1
C-000071,MapTalks,src/layer/VectorLayer.js,61,277,217,217,70,70,10,10,0,7.0,7.0,0,1.0,1
C-000074,MapTalks,src/map/handler/Map.DoubleClickZoom.js,4,28,25,25,7,7,3,3,0,2.333333333333333,2.333333333333333,0,1.0,0
C-000075,MapTalks,src/map/handler/Map.Drag.js,7,236,230,230,69,69,16,16,0,4.3125,4.3125,0,1.0,1
C-000078,MapTalks,src/map/handler/Map.Touch.js,7,145,139,139,40,40,6,6,0,6.666666666666667,6.666666666666667,0,1.0,0
C-000079,MapTalks,src/map/Map.js,176,2303,2128,2128,402,402,121,121,8,3.322314049586777,3.322314049586777,0,0.937984496124031,1
C-000080,MapTalks,src/map/spatial-reference/SpatialReference.js,102,339,238,238,85,85,17,17,1,5.0,5.0,0,0.9444444444444444,1
C-000082,MapTalks,src/map/tool/DistanceTool.js,98,385,288,288,50,50,19,19,1,2.631578947368421,2.631578947368421,0,0.95,1
C-000083,MapTalks,src/map/tool/DrawTool.js,54,776,723,723,146,146,38,38,1,3.842105263157895,3.842105263157895,0,0.9743589743589745,1
C-000084,MapTalks,src/map/tool/MapTool.js,22,169,148,148,23,23,9,9,0,2.555555555555556,2.555555555555556,0,1.0,0
C-000086,MapTalks,src/renderer/edit/EditOutline.js,1,63,63,63,13,13,6,6,2,2.1666666666666665,2.1666666666666665,0,0.75,0
C-000087,MapTalks,src/renderer/geometry/CollectionPainter.js,13,178,166,166,28,28,16,16,4,1.75,1.75,0,0.8,0
C-000088,MapTalks,src/renderer/geometry/Painter.js,48,963,916,916,210,210,42,42,5,5.0,5.0,0,0.8936170212765957,1
C-000090,MapTalks,src/renderer/geometry/symbolizers/DebugSymbolizer.js,9,58,50,50,11,11,3,3,0,3.6666666666666665,3.6666666666666665,0,1.0,0
C-000092,MapTalks,src/renderer/geometry/symbolizers/ImageMarkerSymbolizer.js,13,129,117,117,28,28,6,6,1,4.666666666666667,4.666666666666667,0,0.8571428571428571,0
C-000093,MapTalks,src/renderer/geometry/symbolizers/PointSymbolizer.js,22,152,131,131,33,33,11,11,3,3.0,3.0,0,0.7857142857142857,0
C-000097,MapTalks,src/renderer/geometry/symbolizers/VectorMarkerSymbolizer.js,16,223,208,208,48,48,12,12,4,4.0,4.0,0,0.75,1
C-000100,MapTalks,src/renderer/layer/CanvasRenderer.js,12,23,12,12,2,2,2,2,0,1.0,1.0,0,1.0,0
C-000101,MapTalks,src/renderer/layer/CanvasRenderer.js,33,861,829,829,153,153,52,52,4,2.9423076923076925,2.9423076923076925,0,0.9285714285714286,1
C-000106,MapTalks,src/renderer/layer/tilelayer/TileLayerCanvasRenderer.js,29,51,23,23,5,5,3,3,0,1.6666666666666667,1.6666666666666667,0,1.0,0
C-000107,MapTalks,src/renderer/layer/tilelayer/TileLayerCanvasRenderer.js,63,1013,951,951,225,225,53,53,8,4.245283018867925,4.245283018867925,0,0.8688524590163934,1
C-000108,MapTalks,src/renderer/layer/tilelayer/TileLayerDomRenderer.js,50,820,771,771,186,186,48,48,3,3.875,3.875,0,0.9411764705882352,1
C-000110,MapTalks,src/renderer/layer/vectorlayer/OverlayLayerCanvasRenderer.js,12,107,96,96,25,25,12,12,0,2.083333333333333,2.083333333333333,0,1.0,0
C-000111,MapTalks,src/renderer/layer/vectorlayer/VectorLayerCanvasRenderer.js,25,504,480,480,117,117,24,24,0,4.875,4.875,0,1.0,1
C-000112,MapTalks,src/renderer/map/MapCanvasRenderer.js,17,1012,996,996,238,238,45,45,4,5.288888888888889,5.288888888888889,0,0.9183673469387756,1
C-000114,MapTalks,src/ui/InfoWindow.js,46,439,394,394,79,79,23,23,0,3.4347826086956523,3.4347826086956523,0,1.0,1
C-000117,MapTalks,src/ui/UIComponent.js,74,874,801,801,190,190,42,42,0,4.523809523809524,4.523809523809524,0,1.0,1
C-000118,MapTalks,src/ui/UIMarker.js,213,553,341,341,71,71,28,28,1,2.5357142857142856,2.5357142857142856,0,0.9655172413793104,1
C-000119,MapTalks,src/ui/UIMarker.js,559,711,153,153,31,31,10,10,0,3.1,3.1,0,1.0,0
C-000120,Atom,packages/deprecation-cop/lib/deprecation-cop-view.js,13,584,572,572,78,78,32,32,2,2.4375,2.4375,0,0.9411764705882352,1
C-000122,Atom,packages/exception-reporting/lib/reporter.js,12,299,288,288,48,48,19,19,6,2.526315789473684,2.526315789473684,0,0.76,1
C-000123,Atom,packages/git-diff/lib/diff-list-view.js,6,91,86,86,13,13,5,5,2,2.6,2.6,0,0.7142857142857143,0
C-000125,Atom,packages/go-to-line/lib/go-to-line-view.js,5,105,101,101,22,22,7,7,4,3.142857142857143,3.142857142857143,0,0.6363636363636364,0
C-000126,Atom,packages/incompatible-packages/lib/incompatible-packages-component.js,11,239,229,229,31,31,17,17,6,1.8235294117647056,1.8235294117647056,0,0.7391304347826086,0
C-000131,Atom,packages/welcome/lib/reporter-proxy.js,3,27,25,25,5,5,3,3,3,1.6666666666666667,1.6666666666666667,0,0.5,0
C-000132,Atom,packages/welcome/lib/sunsetting-view.js,6,147,142,142,8,8,8,8,1,1.0,1.0,0,0.8888888888888888,0
C-000133,Atom,packages/welcome/lib/welcome-package.js,13,112,100,100,17,17,10,10,1,1.7,1.7,0,0.9090909090909092,0
C-000134,Atom,packages/welcome/lib/welcome-view.js,6,170,165,165,8,8,8,8,1,1.0,1.0,0,0.8888888888888888,0
C-000135,Atom,src/atom-environment.js,57,1758,1702,1702,212,212,98,98,35,2.163265306122449,2.163265306122449,0,0.7368421052631579,1
C-000136,Atom,src/command-registry.js,436,458,23,23,5,5,3,3,5,1.6666666666666667,1.6666666666666667,0,0.375,0
C-000138,Atom,src/config.js,383,1424,1042,1042,178,178,50,50,0,3.56,3.56,0,1.0,1
C-000139,Atom,src/default-directory-searcher.js,5,46,42,42,3,3,3,3,2,1.0,1.0,0,0.6,0
C-000140,Atom,src/dock.js,758,799,42,42,10,10,6,6,1,1.6666666666666667,1.6666666666666667,0,0.8571428571428571,0
C-000141,Atom,src/dock.js,801,849,49,49,7,7,6,6,1,1.1666666666666667,1.1666666666666667,0,0.8571428571428571,0
C-000142,Atom,src/dock.js,853,861,9,9,2,2,2,2,1,1.0,1.0,0,0.6666666666666666,0
C-000144,Atom,src/history-manager.js,8,120,113,113,20,20,11,11,4,1.818181818181818,1.818181818181818,0,0.7333333333333333,0
C-000146,Atom,src/main-process/atom-application.js,2079,2115,37,37,8,8,6,6,6,1.3333333333333333,1.3333333333333333,0,0.5,0
C-000150,Atom,src/module-cache.js,6,25,20,20,5,5,2,2,2,2.5,2.5,0,0.5,0
C-000151,Atom,src/native-compile-cache.js,13,127,115,115,11,11,10,10,2,1.1,1.1,0,0.8333333333333334,0
C-000152,Atom,src/native-watcher-registry.js,20,97,78,78,4,4,4,4,3,1.0,1.0,0,0.5714285714285714,0
C-000154,Atom,src/native-watcher-registry.js,215,329,115,115,15,15,9,9,3,1.6666666666666667,1.6666666666666667,0,0.75,0
C-000156,Atom,src/native-watcher-registry.js,355,377,23,23,2,2,2,2,2,1.0,1.0,0,0.5,0
C-000157,Atom,src/native-watcher-registry.js,381,399,19,19,2,2,2,2,1,1.0,1.0,0,0.6666666666666666,0
C-000158,Atom,src/native-watcher-registry.js,408,445,38,38,3,3,3,3,1,1.0,1.0,0,0.75,0
C-000161,Atom,src/pane-axis-element.js,4,116,113,113,26,26,10,10,0,2.6,2.6,0,1.0,0
C-000165,Atom,src/pane-resize-handle-element.js,1,107,107,107,22,22,11,11,2,2.0,2.0,0,0.8461538461538461,0
C-000167,Atom,src/panel-container-element.js,6,113,108,108,17,17,7,7,1,2.4285714285714284,2.4285714285714284,0,0.875,0
C-000171,Atom,src/path-watcher.js,369,591,223,223,23,23,9,9,13,2.555555555555556,2.555555555555556,0,0.4090909090909091,0
C-000172,Atom,src/path-watcher.js,595,747,153,153,23,23,9,9,4,2.555555555555556,2.555555555555556,0,0.6923076923076923,0
C-000173,Atom,src/styles-element.js,3,141,139,136,28,27,14,13,4,2.0,2.076923076923077,1,0.7222222222222222,0
C-000175,Atom,src/text-editor-component.js,3506,3649,144,144,13,13,5,5,1,2.6,2.6,0,0.8333333333333334,0
C-000178,Atom,src/text-editor-component.js,3980,4033,54,54,8,8,5,5,3,1.6,1.6,0,0.625,0
C-000179,Atom,src/text-editor-component.js,4035,4072,38,38,12,12,2,2,2,6.0,6.0,0,0.5,0
C-000180,Atom,src/text-editor-component.js,4074,4210,137,137,12,12,6,6,1,2.0,2.0,0,0.8571428571428571,0
C-000181,Atom,src/text-editor-component.js,4212,4561,350,350,50,50,9,9,1,5.555555555555555,5.555555555555555,0,0.9,1
C-000182,Atom,src/text-editor-component.js,4563,4727,165,165,26,26,6,6,3,4.333333333333333,4.333333333333333,0,0.6666666666666666,0
C-000183,Atom,src/text-editor-component.js,4729,4834,106,106,27,27,4,4,3,6.75,6.75,0,0.5714285714285714,0
C-000184,Atom,src/text-editor-component.js,4836,4959,124,124,13,13,5,5,1,2.6,2.6,0,0.8333333333333334,0
C-000186,Atom,src/text-editor-component.js,5123,5195,73,73,21,21,4,4,2,5.25,5.25,0,0.6666666666666666,0
C-000187,Atom,src/text-editor-element.js,6,364,359,338,70,67,57,54,3,1.2280701754385963,1.2407407407407407,3,0.9,1
C-000188,Atom,src/text-editor.js,5838,5855,18,9,4,1,4,1,2,1.0,1.0,3,0.1666666666666666,0
C-000189,Atom,src/text-mate-language-mode.js,20,863,844,844,179,179,57,57,12,3.1403508771929824,3.1403508771929824,0,0.8260869565217391,1
C-000190,Atom,src/text-mate-language-mode.js,867,1011,145,145,29,29,8,8,3,3.625,3.625,0,0.7272727272727273,0
C-000191,Atom,src/tree-sitter-language-mode.js,17,649,633,630,121,120,38,37,14,3.1842105263157894,3.2432432432432434,1,0.7115384615384616,1
C-000192,Atom,src/tree-sitter-language-mode.js,651,951,301,301,51,51,9,9,7,5.666666666666667,5.666666666666667,0,0.5625,1
C-000193,Atom,src/tree-sitter-language-mode.js,953,1094,142,142,28,28,8,8,2,3.5,3.5,0,0.8,0
C-000196,Atom,src/tree-sitter-language-mode.js,1352,1369,18,18,6,6,6,6,0,1.0,1.0,0,1.0,0
C-000197,Atom,src/tree-sitter-language-mode.js,1371,1388,18,18,6,6,6,6,0,1.0,1.0,0,1.0,0
C-000198,Atom,src/tree-sitter-language-mode.js,1390,1484,95,95,18,18,4,4,4,4.5,4.5,0,0.5,0
C-000199,Atom,src/workspace-element.js,10,467,458,458,64,64,35,35,0,1.8285714285714283,1.8285714285714283,0,1.0,0
C-000200,Chart.js,docs/scripts/derived-bubble.js,3,24,22,22,1,1,1,1,0,1.0,1.0,0,1.0,0
C-000203,Chart.js,src/controllers/controller.bubble.js,4,169,166,166,31,31,9,9,3,3.4444444444444446,3.4444444444444446,0,0.75,0
C-000207,Chart.js,src/controllers/controller.polarArea.js,4,227,224,224,21,21,9,9,5,2.333333333333333,2.333333333333333,0,0.6428571428571429,0
C-000208,Chart.js,src/controllers/controller.radar.js,4,104,101,101,12,12,4,4,3,3.0,3.0,0,0.5714285714285714,0
C-000209,Chart.js,src/controllers/controller.scatter.js,6,179,174,174,37,37,5,5,3,7.4,7.4,0,0.625,0
C-000210,Chart.js,src/core/core.animation.js,27,119,93,93,23,23,7,7,12,3.2857142857142856,3.2857142857142856,0,0.3684210526315789,0
C-000211,Chart.js,src/core/core.animations.js,6,132,127,127,19,19,5,5,2,3.8,3.8,0,0.7142857142857143,0
C-000212,Chart.js,src/core/core.animator.js,12,211,200,200,25,25,12,12,4,2.083333333333333,2.083333333333333,0,0.75,0
C-000213,Chart.js,src/core/core.config.js,158,381,224,200,31,23,20,12,3,1.55,1.9166666666666667,8,0.5217391304347826,1
C-000214,Chart.js,src/core/core.controller.js,121,1285,1165,1135,181,171,64,58,35,2.828125,2.9482758620689653,6,0.5858585858585859,1
C-000215,Chart.js,src/core/core.datasetController.js,224,1065,842,842,151,151,55,55,20,2.7454545454545456,2.7454545454545456,0,0.7333333333333333,1
C-000217,Chart.js,src/core/core.plugins.js,20,115,96,96,21,21,7,7,1,3.0,3.0,0,0.875,0
C-000218,Chart.js,src/core/core.registry.js,11,183,173,173,22,22,19,19,5,1.1578947368421053,1.1578947368421053,0,0.7916666666666666,0
C-000219,Chart.js,src/core/core.scale.js,168,1704,1537,1537,268,268,68,68,42,3.941176470588236,3.941176470588236,0,0.6181818181818182,1
C-000220,Chart.js,src/core/core.typedRegistry.js,8,82,75,75,13,13,5,5,4,2.6,2.6,0,0.5555555555555556,0
C-000221,Chart.js,src/elements/element.bar.js,141,226,86,86,14,14,7,7,9,2.0,2.0,0,0.4375,0
C-000222,Chart.js,src/elements/element.line.js,243,445,203,191,32,28,11,8,15,2.909090909090909,3.5,3,0.3076923076923077,0
C-000223,Chart.js,src/platform/platform.base.js,9,83,75,75,11,11,8,8,0,1.375,1.375,0,1.0,0
C-000224,Chart.js,src/platform/platform.basic.js,13,23,11,11,5,5,2,2,0,2.5,2.5,0,1.0,0
C-000225,Chart.js,src/platform/platform.dom.js,256,385,130,130,19,19,7,7,0,2.7142857142857144,2.7142857142857144,0,1.0,0
C-000226,Chart.js,src/plugins/plugin.filler/simpleArc.js,4,27,24,24,4,4,3,3,3,1.3333333333333333,1.3333333333333333,0,0.5,0
C-000227,Chart.js,src/plugins/plugin.legend.js,41,553,513,513,50,50,15,15,22,3.333333333333333,3.333333333333333,0,0.4054054054054054,1
C-000228,Chart.js,src/plugins/plugin.title.js,7,106,100,100,12,12,5,5,13,2.4,2.4,0,0.2777777777777778,0
C-000229,Chart.js,src/plugins/plugin.tooltip.js,450,1210,761,761,101,101,26,26,28,3.8846153846153846,3.8846153846153846,0,0.4814814814814814,1
C-000230,Chart.js,src/scales/scale.category.js,34,158,125,125,30,30,11,11,5,2.727272727272727,2.727272727272727,0,0.6875,0
C-000231,Chart.js,src/scales/scale.linear.js,6,51,46,46,10,10,4,4,2,2.5,2.5,0,0.6666666666666666,0
C-000233,Chart.js,src/scales/scale.logarithmic.js,74,226,153,153,31,31,9,9,6,3.4444444444444446,3.4444444444444446,0,0.6,0
C-000235,Chart.js,src/scales/scale.time.js,199,675,477,477,86,86,22,22,8,3.909090909090909,3.909090909090909,0,0.7333333333333333,0
C-000236,Chart.js,src/scales/scale.timeseries.js,34,175,142,142,22,22,7,7,5,3.142857142857143,3.142857142857143,0,0.5833333333333334,0
C-000241,JsPaint,lib/pdf.js/web/viewer.js,3771,3842,72,63,15,13,7,5,7,2.142857142857143,2.6,2,0.3571428571428571,0
C-000244,JsPaint,lib/pdf.js/web/viewer.js,4360,4455,96,93,25,24,8,7,3,3.125,3.4285714285714284,1,0.6363636363636364,0
C-000245,JsPaint,lib/pdf.js/web/viewer.js,4472,4526,55,55,9,9,5,5,11,1.8,1.8,0,0.3125,0
C-000246,JsPaint,lib/pdf.js/web/viewer.js,4545,4681,137,137,14,14,6,6,1,2.333333333333333,2.333333333333333,0,0.8571428571428571,0
C-000248,JsPaint,lib/pdf.js/web/viewer.js,4851,5087,237,237,44,44,10,10,8,4.4,4.4,0,0.5555555555555556,1
C-000251,JsPaint,lib/pdf.js/web/viewer.js,6137,6660,524,515,128,121,22,19,7,5.818181818181818,6.368421052631579,3,0.6551724137931034,1
C-000253,JsPaint,lib/pdf.js/web/viewer.js,6925,7252,328,313,83,77,21,16,10,3.952380952380953,4.8125,5,0.5161290322580645,1
C-000255,JsPaint,lib/pdf.js/web/viewer.js,7397,7698,302,302,52,52,10,10,4,5.2,5.2,0,0.7142857142857143,1
C-000257,JsPaint,lib/pdf.js/web/viewer.js,8087,8505,419,398,56,48,20,13,12,2.8,3.692307692307693,7,0.40625,1
C-000259,JsPaint,lib/pdf.js/web/viewer.js,8882,8995,114,111,11,9,6,5,9,1.8333333333333333,1.8,1,0.3333333333333333,0
C-000260,JsPaint,lib/pdf.js/web/viewer.js,9019,9276,258,236,42,36,14,12,6,3.0,3.0,2,0.6,1
C-000262,JsPaint,lib/pdf.js/web/viewer.js,9719,9786,68,65,17,16,4,3,0,4.25,5.333333333333333,1,0.75,0
C-000263,JsPaint,lib/pdf.js/web/viewer.js,9875,11211,1337,1093,281,209,66,36,25,4.257575757575758,5.805555555555555,30,0.3736263736263736,1
C-000266,JsPaint,lib/pdf.js/web/viewer.js,11470,12101,632,626,93,91,17,15,34,5.470588235294118,6.066666666666666,2,0.2941176470588235,1
C-000268,JsPaint,lib/pdf.js/web/viewer.js,12466,12477,12,12,1,1,1,1,0,1.0,1.0,0,1.0,0
C-000269,JsPaint,lib/pdf.js/web/viewer.js,12494,12544,51,51,5,5,4,4,4,1.25,1.25,0,0.5,0
C-000270,JsPaint,lib/pdf.js/web/viewer.js,12548,12556,9,9,1,1,1,1,0,1.0,1.0,0,1.0,0
C-000271,JsPaint,lib/pdf.js/web/viewer.js,12577,12875,299,296,20,19,14,13,10,1.4285714285714286,1.4615384615384617,1,0.5416666666666666,1
C-000273,JsPaint,lib/pdf.js/web/viewer.js,13025,13272,248,248,18,18,9,9,6,2.0,2.0,0,0.6,0
C-000275,JsPaint,lib/pdf.js/web/viewer.js,13396,13405,10,10,2,2,2,2,0,1.0,1.0,0,1.0,0
C-000276,JsPaint,lib/pdf.js/web/viewer.js,13407,13428,22,22,4,4,4,4,0,1.0,1.0,0,1.0,0
C-000279,JsPaint,lib/pdf.js/web/viewer.js,13683,13713,31,31,5,5,5,5,2,1.0,1.0,0,0.7142857142857143,0
C-000280,JsPaint,lib/pdf.js/web/viewer.js,14581,14603,23,23,4,4,4,4,1,1.0,1.0,0,0.8,0
C-000282,JsPaint,lib/tracky-mouse/tracky-mouse.js,322,446,125,125,15,15,7,7,6,2.142857142857143,2.142857142857143,0,0.5384615384615384,0
C-000283,JsPaint,src/OnCanvasHelperLayer.js,1,13,13,13,1,1,1,1,1,1.0,1.0,0,0.5,0
C-000284,JsPaint,src/OnCanvasObject.js,2,44,43,43,7,7,4,4,6,1.75,1.75,0,0.4,0
C-000285,JsPaint,src/OnCanvasSelection.js,2,294,293,293,22,22,11,11,0,2.0,2.0,0,1.0,1
C-000286,JsPaint,src/OnCanvasTextBox.js,2,286,285,285,11,11,5,5,10,2.2,2.2,0,0.3333333333333333,0
C-000288,JsPaint,src/sessions.js,197,490,294,294,5,5,3,3,2,1.6666666666666667,1.6666666666666667,0,0.6,1
C-000291,Xeokit-SDK,examples/libs/PickRayHelper.js,6,49,44,44,5,5,2,2,1,2.5,2.5,0,0.6666666666666666,0
C-000296,Xeokit-SDK,src/plugins/AngleMeasurementsPlugin/AngleMeasurement.js,16,656,641,504,85,41,30,4,43,2.833333333333333,10.25,26,0.0547945205479452,1
C-000300,Xeokit-SDK,src/plugins/AnnotationsPlugin/AnnotationsPlugin.js,373,581,209,200,29,25,9,7,6,3.2222222222222223,3.571428571428572,2,0.4666666666666667,0
C-000302,Xeokit-SDK,src/plugins/BCFViewpointsPlugin/BCFViewpointsPlugin.js,310,925,616,616,62,62,6,6,2,10.333333333333334,10.333333333333334,0,0.75,1
C-000303,Xeokit-SDK,src/plugins/CityJSONLoaderPlugin/CityJSONDefaultDataSource.js,6,27,22,22,2,2,2,2,0,1.0,1.0,0,1.0,0
C-000304,Xeokit-SDK,src/plugins/CityJSONLoaderPlugin/CityJSONLoaderPlugin.js,114,749,636,630,103,100,16,14,1,6.4375,7.142857142857143,2,0.8235294117647058,1
C-000308,Xeokit-SDK,src/plugins/FaceAlignedSectionPlanesPlugin/FaceAlignedSectionPlanesControl.js,20,639,620,617,28,27,14,13,12,2.0,2.076923076923077,1,0.5,1
C-000310,Xeokit-SDK,src/plugins/FaceAlignedSectionPlanesPlugin/Overview.js,16,246,231,231,19,19,11,11,15,1.7272727272727273,1.7272727272727273,0,0.4230769230769231,0
C-000323,Xeokit-SDK,src/plugins/OBJLoaderPlugin/OBJLoaderPlugin.js,64,143,80,80,7,7,3,3,1,2.333333333333333,2.333333333333333,0,0.75,0
C-000337,Xeokit-SDK,src/plugins/TreeViewPlugin/TreeViewPlugin.js,346,1420,1075,1060,173,166,38,36,23,4.552631578947368,4.611111111111111,2,0.5901639344262295,1
C-000341,Xeokit-SDK,src/plugins/XKTLoaderPlugin/XKTDefaultDataSource.js,6,75,70,70,8,8,3,3,0,2.6666666666666665,2.6666666666666665,0,1.0,0
C-000342,Xeokit-SDK,src/plugins/XKTLoaderPlugin/XKTLoaderPlugin.js,434,971,538,487,55,36,22,5,8,2.5,7.2,17,0.1666666666666666,1
C-000351,Xeokit-SDK,src/viewer/metadata/PropertySet.js,12,75,64,64,3,3,1,1,6,3.0,3.0,0,0.1428571428571428,0
C-000355,Xeokit-SDK,src/viewer/scene/camera/CameraFlightAnimation.js,103,667,565,537,110,99,20,11,21,5.5,9.0,9,0.2682926829268293,1
C-000356,Xeokit-SDK,src/viewer/scene/camera/CameraPath.js,12,192,181,166,23,18,13,8,4,1.7692307692307692,2.25,5,0.4705882352941176,0
C-000361,Xeokit-SDK,src/viewer/scene/CameraControl/CameraControl.js,479,1714,1236,954,124,18,67,6,47,1.8507462686567164,3.0,61,0.0526315789473684,1
C-000363,Xeokit-SDK,src/viewer/scene/CameraControl/lib/controllers/PanController.js,17,110,94,94,8,8,4,4,1,2.0,2.0,0,0.8,0
C-000364,Xeokit-SDK,src/viewer/scene/CameraControl/lib/controllers/PickController.js,12,257,246,246,43,43,4,4,12,10.75,10.75,0,0.25,1
C-000366,Xeokit-SDK,src/viewer/scene/CameraControl/lib/handlers/KeyboardAxisViewHandler.js,18,120,103,103,3,3,3,3,2,1.0,1.0,0,0.6,0
C-000367,Xeokit-SDK,src/viewer/scene/CameraControl/lib/handlers/KeyboardPanRotateDollyHandler.js,4,177,174,174,3,3,3,3,5,1.0,1.0,0,0.375,0
C-000373,Xeokit-SDK,src/viewer/scene/canvas/Canvas.js,22,490,469,427,34,23,18,10,11,1.8888888888888888,2.3,8,0.3103448275862069,1
C-000374,Xeokit-SDK,src/viewer/scene/canvas/Spinner.js,163,321,159,123,23,13,8,5,4,2.875,2.6,3,0.4166666666666667,0
C-000375,Xeokit-SDK,src/viewer/scene/Component.js,121,905,785,776,122,119,25,22,18,4.88,5.409090909090909,3,0.5116279069767442,1
C-000384,Xeokit-SDK,src/viewer/scene/lights/DirLight.js,98,312,215,177,17,4,11,2,13,1.5454545454545454,2.0,9,0.0833333333333333,0
C-000385,Xeokit-SDK,src/viewer/scene/lights/Light.js,8,27,20,14,3,1,3,1,0,1.0,1.0,2,0.3333333333333333,0
C-000388,Xeokit-SDK,src/viewer/scene/lights/ReflectionMap.js,47,77,31,28,3,2,3,2,0,1.0,1.0,1,0.6666666666666666,0
C-000393,Xeokit-SDK,src/viewer/scene/lod/LODState.js,10,125,116,116,9,9,2,2,7,4.5,4.5,0,0.2222222222222222,0
C-000394,Xeokit-SDK,src/viewer/scene/marker/Marker.js,116,381,266,193,30,10,15,4,17,2.0,2.5,11,0.125,0
C-000396,Xeokit-SDK,src/viewer/scene/materials/EdgeMaterial.js,132,357,226,152,32,6,14,2,7,2.2857142857142856,3.0,12,0.0952380952380952,0
C-000401,Xeokit-SDK,src/viewer/scene/materials/Material.js,19,37,19,16,3,2,3,2,0,1.0,1.0,1,0.6666666666666666,0
C-000403,Xeokit-SDK,src/viewer/scene/materials/PhongMaterial.js,89,858,770,555,117,37,43,3,27,2.7209302325581395,12.333333333333334,40,0.0428571428571428,1
C-000406,Xeokit-SDK,src/viewer/scene/materials/Texture.js,88,511,424,346,71,50,27,10,12,2.6296296296296298,5.0,17,0.2564102564102564,0
C-000407,Xeokit-SDK,src/viewer/scene/math/Frustum.js,10,28,19,19,5,5,2,2,3,2.5,2.5,0,0.4,0
C-000408,Xeokit-SDK,src/viewer/scene/math/Frustum.js,33,40,8,8,1,1,1,1,1,1.0,1.0,0,0.5,0
C-000414,Xeokit-SDK,src/viewer/scene/mesh/Mesh.js,179,1951,1773,1423,281,178,115,49,50,2.4434782608695653,3.63265306122449,66,0.296969696969697,1
C-000421,Xeokit-SDK,src/viewer/scene/model/dtx/triangles/DataTextureGenerator.js,8,631,624,624,36,36,15,15,0,2.4,2.4,0,1.0,1
C-000432,Xeokit-SDK,src/viewer/scene/model/dtx/triangles/renderers/TrianglesDataTexturePickNormalsFlatRenderer.js,10,501,492,492,41,41,11,11,2,3.727272727272727,3.727272727272727,0,0.8461538461538461,1
C-000435,Xeokit-SDK,src/viewer/scene/model/dtx/triangles/renderers/TrianglesDataTextureSilhouetteRenderer.js,13,462,450,450,44,44,11,11,2,4.0,4.0,0,0.8461538461538461,1
C-000439,Xeokit-SDK,src/viewer/scene/model/dtx/triangles/TrianglesDataTextureLayer.js,56,1352,1297,1297,263,263,53,53,25,4.962264150943396,4.962264150943396,0,0.6794871794871795,1
C-000441,Xeokit-SDK,src/viewer/scene/model/PerformanceModel.js,15,26,12,12,1,1,1,1,0,1.0,1.0,0,1.0,0
C-000449,Xeokit-SDK,src/viewer/scene/model/vbo/linesBatching/LinesBatchingLayer.js,20,762,743,743,152,152,38,38,22,4.0,4.0,0,0.6333333333333333,1
C-000458,Xeokit-SDK,src/viewer/scene/model/vbo/pointsBatching/PointsBatchingLayer.js,22,773,752,752,154,154,36,36,21,4.277777777777778,4.277777777777778,0,0.631578947368421,1
C-000460,Xeokit-SDK,src/viewer/scene/model/vbo/pointsBatching/renderers/PointsBatchingColorRenderer.js,6,165,160,160,22,22,4,4,0,5.5,5.5,0,1.0,0
C-000461,Xeokit-SDK,src/viewer/scene/model/vbo/pointsBatching/renderers/PointsBatchingOcclusionRenderer.js,6,133,128,128,18,18,3,3,0,6.0,6.0,0,1.0,0
C-000462,Xeokit-SDK,src/viewer/scene/model/vbo/pointsBatching/renderers/PointsBatchingPickDepthRenderer.js,6,152,147,147,18,18,3,3,0,6.0,6.0,0,1.0,0
C-000485,Xeokit-SDK,src/viewer/scene/model/vbo/trianglesBatching/renderers/TrianglesBatchingEdgesColorRenderer.js,6,127,122,122,14,14,2,2,0,7.0,7.0,0,1.0,0
C-000487,Xeokit-SDK,src/viewer/scene/model/vbo/trianglesBatching/renderers/TrianglesBatchingFlatColorRenderer.js,6,235,230,230,31,31,3,3,0,10.333333333333334,10.333333333333334,0,1.0,0
C-000489,Xeokit-SDK,src/viewer/scene/model/vbo/trianglesBatching/renderers/TrianglesBatchingOcclusionRenderer.js,6,119,114,114,14,14,2,2,0,7.0,7.0,0,1.0,0
C-000492,Xeokit-SDK,src/viewer/scene/model/vbo/trianglesBatching/renderers/TrianglesBatchingPickMeshRenderer.js,6,128,123,123,14,14,2,2,0,7.0,7.0,0,1.0,0
C-000495,Xeokit-SDK,src/viewer/scene/model/vbo/trianglesBatching/renderers/TrianglesBatchingShadowRenderer.js,8,106,99,99,10,10,2,2,0,5.0,5.0,0,1.0,0
C-000505,Xeokit-SDK,src/viewer/scene/model/vbo/trianglesInstancing/renderers/TrianglesInstancingFlatColorRenderer.js,6,242,237,237,31,31,3,3,0,10.333333333333334,10.333333333333334,0,1.0,1
C-000516,Xeokit-SDK,src/viewer/scene/model/vbo/trianglesInstancing/TrianglesInstancingLayer.js,28,1172,1145,1145,281,281,40,40,32,7.025,7.025,0,0.5555555555555556,1
C-000517,Xeokit-SDK,src/viewer/scene/model/vbo/trianglesInstancing/TrianglesInstancingRenderers.js,20,297,278,164,98,60,22,3,1,4.454545454545454,20.0,19,0.1304347826086956,0
C-000523,Xeokit-SDK,src/viewer/scene/model/vbo/VBOSceneModelRenderers.js,691,707,17,17,2,2,1,1,0,2.0,2.0,0,1.0,0
C-000531,Xeokit-SDK,src/viewer/scene/paths/Path.js,11,237,227,141,32,13,12,6,8,2.6666666666666665,2.1666666666666665,6,0.3,1
C-000540,Xeokit-SDK,src/viewer/scene/utils/LoadingManager.js,1,82,82,82,20,20,9,9,9,2.2222222222222223,2.2222222222222223,0,0.5,0
C-000541,Xeokit-SDK,src/viewer/scene/utils/Map.js,2,43,42,42,10,10,3,3,2,3.333333333333333,3.333333333333333,0,0.6,0
C-000542,Xeokit-SDK,src/viewer/scene/utils/Queue.js,5,54,50,47,8,7,5,4,5,1.6,1.75,1,0.4,0
C-000544,Xeokit-SDK,src/viewer/scene/utils/textureTranscoders/TextureTranscoder.js,10,29,20,20,2,2,2,2,0,1.0,1.0,0,1.0,0
C-000545,Xeokit-SDK,src/viewer/scene/utils/WorkerPool.js,5,73,69,69,13,13,8,8,5,1.625,1.625,0,0.6153846153846154,0
C-000548,Xeokit-SDK,src/viewer/scene/vfc/VFCState.js,68,391,324,324,67,67,13,13,6,5.153846153846154,5.153846153846154,0,0.6842105263157895,1
C-000549,Xeokit-SDK,src/viewer/scene/viewport/Viewport.js,62,210,149,68,13,3,8,3,3,1.625,1.0,5,0.2727272727272727,0
C-000550,Xeokit-SDK,src/viewer/scene/webgl/ArrayBuf.js,6,119,114,114,25,25,6,6,13,4.166666666666667,4.166666666666667,0,0.3157894736842105,0
C-000552,Xeokit-SDK,src/viewer/scene/webgl/Drawable.js,8,268,261,246,23,16,23,16,0,1.0,1.0,7,0.6956521739130435,0
C-000556,Xeokit-SDK,src/viewer/scene/webgl/Pickable.js,8,67,60,58,7,6,7,6,0,1.0,1.0,1,0.8571428571428571,0
C-000558,Xeokit-SDK,src/viewer/scene/webgl/Program.js,33,179,147,147,31,31,7,7,2,4.428571428571429,4.428571428571429,0,0.7777777777777778,0
C-000568,Xeokit-SDK,src/viewer/Viewer.js,20,533,514,511,63,62,17,16,10,3.7058823529411766,3.875,1,0.5185185185185185,0
C-000570,PlayCanvas,extras/exporters/gltf-exporter.js,105,678,574,574,28,28,14,14,0,2.0,2.0,0,1.0,1
C-000576,PlayCanvas,extras/mini-stats/render2d.js,23,218,196,196,11,11,3,3,16,3.6666666666666665,3.6666666666666665,0,0.1578947368421052,0
C-000586,PlayCanvas,src/core/math/curve-evaluator.js,9,218,210,210,29,29,6,6,8,4.833333333333333,4.833333333333333,0,0.4285714285714285,0
C-000592,PlayCanvas,src/core/math/quat.js,9,737,729,729,49,49,22,22,6,2.227272727272727,2.227272727272727,0,0.7857142857142857,1
C-000595,PlayCanvas,src/core/math/vec4.js,6,611,606,606,41,41,28,28,6,1.4642857142857142,1.4642857142857142,0,0.8235294117647058,0
C-000622,PlayCanvas,src/framework/anim/controller/anim-blend-tree.js,11,104,94,87,17,14,7,5,6,2.4285714285714284,2.8,2,0.3846153846153846,0
C-000636,PlayCanvas,src/framework/anim/evaluator/anim-target.js,16,65,50,32,10,4,7,1,6,1.4285714285714286,4.0,6,0.0769230769230769,0
C-000638,PlayCanvas,src/framework/anim/state-graph/anim-state-graph.js,15,135,121,115,14,12,3,1,2,4.666666666666667,12.0,2,0.2,0
C-000650,PlayCanvas,src/framework/bundle/bundle.js,6,54,49,49,7,7,4,4,1,1.75,1.75,0,0.8,0
C-000653,PlayCanvas,src/framework/components/anim/component.js,24,783,760,625,110,73,57,32,15,1.9298245614035088,2.28125,25,0.4444444444444444,1
C-000668,PlayCanvas,src/framework/components/camera/component.js,43,1033,991,768,121,46,86,23,11,1.4069767441860466,2.0,63,0.2371134020618556,1
C-000671,PlayCanvas,src/framework/components/camera/post-effect-queue.js,22,376,355,355,50,50,17,17,6,2.9411764705882355,2.9411764705882355,0,0.7391304347826086,1
C-000676,PlayCanvas,src/framework/components/collision/system.js,216,227,12,12,5,5,1,1,0,5.0,5.0,0,1.0,0
C-000683,PlayCanvas,src/framework/components/collision/system.js,572,836,265,265,44,44,16,16,6,2.75,2.75,0,0.7272727272727273,1
C-000716,PlayCanvas,src/framework/components/registry.js,6,250,245,245,8,8,4,4,24,2.0,2.0,0,0.1428571428571428,0
C-000720,PlayCanvas,src/framework/components/rigid-body/component.js,57,1020,964,749,144,73,49,21,15,2.938775510204082,3.4761904761904763,28,0.328125,1
C-000734,PlayCanvas,src/framework/components/script-legacy/data.js,1,16,16,16,1,1,1,1,9,1.0,1.0,0,0.1,0
C-000736,PlayCanvas,src/framework/components/scroll-view/component.js,60,707,648,642,141,139,58,56,10,2.431034482758621,2.482142857142857,2,0.8235294117647058,1
C-000741,PlayCanvas,src/framework/components/scrollbar/system.js,21,48,28,28,3,3,3,3,4,1.0,1.0,0,0.4285714285714285,0
C-000742,PlayCanvas,src/framework/components/sound/component.js,15,602,588,480,84,55,33,17,9,2.5454545454545454,3.235294117647059,16,0.4047619047619047,0
C-000744,PlayCanvas,src/framework/components/sound/slot.js,37,714,678,523,106,53,40,20,20,2.65,2.65,20,0.3333333333333333,1
C-000745,PlayCanvas,src/framework/components/sound/system.js,19,178,160,146,21,17,9,6,5,2.333333333333333,2.833333333333333,3,0.4285714285714285,0
C-000746,PlayCanvas,src/framework/components/sprite/component.js,36,978,943,683,180,90,57,21,28,3.1578947368421053,4.285714285714286,36,0.2470588235294117,1
C-000750,PlayCanvas,src/framework/components/system.js,14,171,158,158,14,14,7,7,3,2.0,2.0,0,0.7,0
C-000763,PlayCanvas,src/framework/handlers/basis.js,189,224,36,36,4,4,2,2,3,2.0,2.0,0,0.4,0
C-000773,PlayCanvas,src/framework/handlers/hierarchy.js,4,33,30,30,3,3,3,3,3,1.0,1.0,0,0.5,0
C-000783,PlayCanvas,src/framework/handlers/script.js,14,123,110,110,9,9,6,6,4,1.5,1.5,0,0.6,0
C-000793,PlayCanvas,src/framework/i18n/i18n.js,25,439,415,346,62,47,18,14,6,3.4444444444444446,3.357142857142857,4,0.5833333333333334,1
C-000804,PlayCanvas,src/framework/lightmapper/lightmapper.js,62,1143,1082,1082,156,156,29,29,14,5.379310344827586,5.379310344827586,0,0.6744186046511628,1
C-000844,PlayCanvas,src/platform/audio/channel.js,12,247,236,236,40,40,17,17,11,2.3529411764705883,2.3529411764705883,0,0.6071428571428571,0
C-000847,PlayCanvas,src/platform/graphics/bind-group-format.js,33,50,18,18,1,1,1,1,5,1.0,1.0,0,0.1666666666666666,0
C-000851,PlayCanvas,src/platform/graphics/debug-graphics.js,7,55,49,49,5,5,4,4,1,1.25,1.25,0,0.8,0
C-000859,PlayCanvas,src/platform/graphics/graphics-device-access.js,9,19,11,11,2,2,2,2,1,1.0,1.0,0,0.6666666666666666,0
C-000862,PlayCanvas,src/platform/graphics/null/null-graphics-device.js,13,171,159,153,33,31,33,31,3,1.0,1.0,2,0.8611111111111112,0
C-000887,PlayCanvas,src/platform/graphics/versioned-object.js,5,21,17,17,2,2,2,2,1,1.0,1.0,0,0.6666666666666666,0
C-000906,PlayCanvas,src/platform/graphics/webgpu/webgpu-bind-group.js,9,121,113,113,3,3,3,3,1,1.0,1.0,0,0.75,0
C-000911,PlayCanvas,src/platform/graphics/webgpu/webgpu-dynamic-buffers.js,6,91,86,86,8,8,3,3,1,2.6666666666666665,2.6666666666666665,0,0.75,0
C-000913,PlayCanvas,src/platform/graphics/webgpu/webgpu-graphics-device.js,29,845,817,811,91,89,43,41,12,2.116279069767442,2.1707317073170733,2,0.7454545454545455,1
C-000918,PlayCanvas,src/platform/graphics/webgpu/webgpu-render-pipeline.js,98,374,277,277,28,28,6,6,4,4.666666666666667,4.666666666666667,0,0.6,1
C-000923,PlayCanvas,src/platform/graphics/webgpu/webgpu-texture.js,75,466,392,392,54,54,13,13,6,4.153846153846154,4.153846153846154,0,0.6842105263157895,1
C-000927,PlayCanvas,src/platform/graphics/webgpu/webgpu-vertex-buffer.js,8,25,18,18,3,3,3,3,0,1.0,1.0,0,1.0,0
C-000964,PlayCanvas,src/scene/graphics/light-cube.js,19,47,29,29,5,5,1,1,1,5.0,5.0,0,0.5,0
C-000965,PlayCanvas,src/scene/graphics/lightmap-cache.js,5,21,17,17,3,3,3,3,1,1.0,1.0,0,0.75,0
C-000972,PlayCanvas,src/scene/immediate/immediate.js,14,259,246,234,28,24,16,14,12,1.75,1.7142857142857142,2,0.5,0
C-000978,PlayCanvas,src/scene/lighting/light-texture-atlas.js,25,387,363,363,56,56,13,13,12,4.307692307692308,4.307692307692308,0,0.52,1
C-000980,PlayCanvas,src/scene/lighting/lights-buffer.js,92,499,408,408,74,74,23,23,22,3.217391304347826,3.217391304347826,0,0.5111111111111111,1
C-000988,PlayCanvas,src/scene/materials/material.js,45,612,568,473,69,37,40,17,19,1.725,2.176470588235294,23,0.288135593220339,0
C-000992,PlayCanvas,src/scene/materials/standard-material.js,537,888,352,337,80,76,17,13,7,4.705882352941177,5.846153846153846,4,0.5416666666666666,1
C-000994,PlayCanvas,src/scene/mesh-instance.js,46,60,15,9,3,1,3,1,2,1.0,1.0,2,0.2,0
C-000997,PlayCanvas,src/scene/mesh-instance.js,157,958,802,591,116,58,46,20,34,2.5217391304347827,2.9,26,0.25,1
C-000999,PlayCanvas,src/scene/mesh.js,80,87,8,8,1,1,1,1,4,1.0,1.0,0,0.2,0
C-001010,PlayCanvas,src/scene/renderer/forward-renderer.js,63,1129,1067,1067,149,149,20,20,48,7.45,7.45,0,0.2941176470588235,1
C-001012,PlayCanvas,src/scene/renderer/renderer.js,73,1321,1249,1249,190,190,38,38,58,5.0,5.0,0,0.3958333333333333,1
C-001019,PlayCanvas,src/scene/scene.js,26,795,770,571,89,28,45,10,45,1.9777777777777776,2.8,35,0.1111111111111111,1
C-001030,PlayCanvas,src/scene/shader-lib/programs/standard.js,25,514,490,490,89,89,7,7,2,12.714285714285714,12.714285714285714,0,0.7777777777777778,1
C-001033,PlayCanvas,src/scene/shader-pass.js,69,151,83,83,6,6,5,5,3,1.2,1.2,0,0.625,0
C-001036,PlayCanvas,src/scene/skin-instance.js,16,188,173,167,22,20,11,9,5,2.0,2.2222222222222223,2,0.5625,0
C-001039,PlayCanvas,src/scene/skin.js,8,23,16,16,1,1,1,1,3,1.0,1.0,0,0.25,0
C-001044,OpenLayers,examples/custom-interactions.js,12,45,34,34,1,1,1,1,4,1.0,1.0,0,0.2,0
C-001048,OpenLayers,examples/es2015-custom-element.js,6,39,34,34,1,1,1,1,2,1.0,1.0,0,0.3333333333333333,0
C-001059,OpenLayers,src/ol/control/MousePosition.js,66,306,241,241,33,33,11,11,6,3.0,3.0,0,0.6470588235294118,1
C-001060,OpenLayers,src/ol/control/OverviewMap.js,67,677,611,611,79,79,21,21,11,3.761904761904762,3.761904761904762,0,0.65625,1
C-001062,OpenLayers,src/ol/control/ScaleLine.js,75,479,405,405,65,65,11,11,11,5.909090909090909,5.909090909090909,0,0.5,1
C-001066,OpenLayers,src/ol/DataTile.js,97,191,95,95,10,10,5,5,4,2.0,2.0,0,0.5555555555555556,0
C-001068,OpenLayers,src/ol/events/Event.js,15,61,47,47,3,3,3,3,2,1.0,1.0,0,0.6,0
C-001069,OpenLayers,src/ol/events/SnapEvent.js,22,51,30,30,1,1,1,1,3,1.0,1.0,0,0.25,0
C-001078,OpenLayers,src/ol/format/filter/Comparison.js,13,26,14,14,1,1,1,1,1,1.0,1.0,0,0.5,0
C-001079,OpenLayers,src/ol/format/filter/ComparisonBinary.js,13,33,21,21,1,1,1,1,2,1.0,1.0,0,0.3333333333333333,0
C-001082,OpenLayers,src/ol/format/filter/During.js,11,30,20,20,1,1,1,1,2,1.0,1.0,0,0.3333333333333333,0
C-001083,OpenLayers,src/ol/format/filter/DWithin.js,12,36,25,25,1,1,1,1,2,1.0,1.0,0,0.3333333333333333,0
C-001087,OpenLayers,src/ol/format/filter/GreaterThanOrEqualTo.js,11,19,9,9,1,1,1,1,0,1.0,1.0,0,1.0,0
C-001089,OpenLayers,src/ol/format/filter/IsBetween.js,11,30,20,20,1,1,1,1,2,1.0,1.0,0,0.3333333333333333,0
C-001094,OpenLayers,src/ol/format/filter/LogicalNary.js,14,28,15,15,1,1,1,1,1,1.0,1.0,0,0.5,0
C-001096,OpenLayers,src/ol/format/filter/NotEqualTo.js,11,20,10,10,1,1,1,1,0,1.0,1.0,0,1.0,0
C-001098,OpenLayers,src/ol/format/filter/ResourceId.js,11,23,13,13,1,1,1,1,1,1.0,1.0,0,0.5,0
C-001100,OpenLayers,src/ol/format/filter/Within.js,12,22,11,11,1,1,1,1,0,1.0,1.0,0,1.0,0
C-001101,OpenLayers,src/ol/format/GeoJSON.js,50,266,217,217,27,27,8,8,5,3.375,3.375,0,0.6153846153846154,0
C-001102,OpenLayers,src/ol/format/GML2.js,49,649,601,601,78,78,27,27,1,2.888888888888889,2.888888888888889,0,0.9642857142857144,1
C-001103,OpenLayers,src/ol/format/GML3.js,62,1035,974,974,125,125,42,42,6,2.9761904761904763,2.9761904761904763,0,0.875,1
C-001104,OpenLayers,src/ol/format/GML32.js,20,50,31,31,4,4,2,2,1,2.0,2.0,0,0.6666666666666666,0
C-001106,OpenLayers,src/ol/format/GPX.js,129,246,118,118,16,16,5,5,2,3.2,3.2,0,0.7142857142857143,0
C-001111,OpenLayers,src/ol/format/MVT.js,39,301,263,263,37,37,7,7,7,5.285714285714286,5.285714285714286,0,0.5,1
C-001117,OpenLayers,src/ol/format/WFS.js,266,675,410,410,60,60,15,15,5,4.0,4.0,0,0.75,1
C-001120,OpenLayers,src/ol/format/WKB.js,701,881,181,181,27,27,9,9,9,3.0,3.0,0,0.5,0
C-001125,OpenLayers,src/ol/format/WMSGetFeatureInfo.js,33,163,131,131,17,17,5,5,3,3.4,3.4,0,0.625,0
C-001126,OpenLayers,src/ol/format/WMTSCapabilities.js,44,77,34,34,5,5,2,2,1,2.5,2.5,0,0.6666666666666666,0
C-001128,OpenLayers,src/ol/format/XMLFeature.js,17,285,269,269,35,35,20,20,1,1.75,1.75,0,0.9523809523809524,0
C-001129,OpenLayers,src/ol/Geolocation.js,46,67,22,22,1,1,1,1,2,1.0,1.0,0,0.3333333333333333,0
C-001130,OpenLayers,src/ol/Geolocation.js,120,415,296,296,36,36,19,19,3,1.894736842105263,1.894736842105263,0,0.8636363636363636,1
C-001131,OpenLayers,src/ol/geom/Circle.js,15,240,226,226,31,31,16,16,0,1.9375,1.9375,0,1.0,0
C-001141,OpenLayers,src/ol/geom/SimpleGeometry.js,17,293,277,277,31,31,17,17,3,1.8235294117647056,1.8235294117647056,0,0.85,1
C-001143,OpenLayers,src/ol/ImageCanvas.js,16,90,75,75,9,9,5,5,3,1.8,1.8,0,0.625,0
C-001145,OpenLayers,src/ol/interaction/DblClickDragZoom.js,22,242,221,221,30,30,9,9,8,3.333333333333333,3.333333333333333,0,0.5294117647058824,0
C-001148,OpenLayers,src/ol/interaction/DragAndDrop.js,94,322,229,229,36,36,9,9,6,4.0,4.0,0,0.6,0
C-001155,OpenLayers,src/ol/interaction/Draw.js,187,202,16,16,1,1,1,1,1,1.0,1.0,0,0.5,0
C-001156,OpenLayers,src/ol/interaction/Draw.js,586,1840,1255,1255,204,204,29,29,28,7.0344827586206895,7.0344827586206895,0,0.5087719298245614,1
C-001157,OpenLayers,src/ol/interaction/Extent.js,60,74,15,15,1,1,1,1,1,1.0,1.0,0,0.5,0
C-001162,OpenLayers,src/ol/interaction/Link.js,75,387,313,313,52,52,11,11,7,4.727272727272728,4.727272727272728,0,0.6111111111111112,1
C-001163,OpenLayers,src/ol/interaction/Modify.js,139,164,26,26,1,1,1,1,2,1.0,1.0,0,0.3333333333333333,0
C-001164,OpenLayers,src/ol/interaction/Modify.js,197,1554,1358,1358,183,183,34,34,22,5.382352941176471,5.382352941176471,0,0.6071428571428571,1
C-001169,OpenLayers,src/ol/interaction/Select.js,96,128,33,33,1,1,1,1,3,1.0,1.0,0,0.25,0
C-001172,OpenLayers,src/ol/interaction/Translate.js,71,112,42,42,1,1,1,1,4,1.0,1.0,0,0.2,0
C-001174,OpenLayers,src/ol/Kinetic.js,11,124,114,114,11,11,6,6,6,1.8333333333333333,1.8333333333333333,0,0.5,0
C-001176,OpenLayers,src/ol/layer/BaseImage.js,47,55,9,9,2,2,1,1,0,2.0,2.0,0,1.0,0
C-001179,OpenLayers,src/ol/layer/Graticule.js,184,1256,1073,1073,108,108,17,17,35,6.352941176470588,6.352941176470588,0,0.3269230769230769,1
C-001180,OpenLayers,src/ol/layer/Group.js,26,41,16,16,1,1,1,1,1,1.0,1.0,0,0.5,0
C-001182,OpenLayers,src/ol/layer/Heatmap.js,67,239,173,173,17,17,11,11,2,1.5454545454545454,1.5454545454545454,0,0.8461538461538461,0
C-001187,OpenLayers,src/ol/layer/VectorImage.js,64,93,30,30,5,5,3,3,1,1.6666666666666667,1.6666666666666667,0,0.75,0
C-001189,OpenLayers,src/ol/layer/WebGLPoints.js,69,124,56,56,4,4,3,3,3,1.3333333333333333,1.3333333333333333,0,0.5,0
C-001191,OpenLayers,src/ol/Map.js,238,1763,1526,1526,192,192,64,64,29,3.0,3.0,0,0.6881720430107527,1
C-001195,OpenLayers,src/ol/net.js,45,63,19,19,1,1,1,1,2,1.0,1.0,0,0.3333333333333333,0
C-001201,OpenLayers,src/ol/proj/epsg3857.js,43,59,17,17,1,1,1,1,0,1.0,1.0,0,1.0,0
C-001203,OpenLayers,src/ol/proj/Projection.js,52,269,218,218,24,24,16,16,10,1.5,1.5,0,0.6153846153846154,0
C-001207,OpenLayers,src/ol/render/canvas/Executor.js,119,1257,1139,1139,141,141,11,11,15,12.818181818181818,12.818181818181818,0,0.4230769230769231,1
C-001212,OpenLayers,src/ol/render/canvas/PolygonBuilder.js,18,259,242,242,30,30,7,7,0,4.285714285714286,4.285714285714286,0,1.0,1
C-001215,OpenLayers,src/ol/render/Feature.js,44,337,294,294,28,28,19,19,7,1.4736842105263157,1.4736842105263157,0,0.7307692307692307,1
C-001217,OpenLayers,src/ol/render/webgl/MixedGeometryBatch.js,73,464,392,392,48,48,11,11,3,4.363636363636363,4.363636363636363,0,0.7857142857142857,1
C-001219,OpenLayers,src/ol/renderer/canvas/ImageLayer.js,29,269,241,241,36,36,5,5,1,7.2,7.2,0,0.8333333333333334,0
C-001220,OpenLayers,src/ol/renderer/canvas/Layer.js,43,325,283,283,29,29,10,10,8,2.9,2.9,0,0.5555555555555556,1
C-001221,OpenLayers,src/ol/renderer/canvas/TileLayer.js,38,768,731,731,91,91,13,13,7,7.0,7.0,0,0.65,1
C-001224,OpenLayers,src/ol/renderer/canvas/VectorTileLayer.js,63,853,791,791,80,80,17,17,3,4.705882352941177,4.705882352941177,0,0.85,1
C-001227,OpenLayers,src/ol/renderer/Map.js,26,238,213,213,22,22,9,9,1,2.4444444444444446,2.4444444444444446,0,0.9,0
C-001241,OpenLayers,src/ol/source/DataTile.js,61,404,344,344,49,49,13,13,9,3.769230769230769,3.769230769230769,0,0.5909090909090909,1
C-001260,OpenLayers,src/ol/source/Tile.js,381,396,16,16,1,1,1,1,1,1.0,1.0,0,0.5,0
C-001266,OpenLayers,src/ol/source/UrlTile.js,39,229,191,191,23,23,11,11,5,2.090909090909091,2.090909090909091,0,0.6875,0
C-001269,OpenLayers,src/ol/source/Vector.js,38,61,24,24,1,1,1,1,2,1.0,1.0,0,0.3333333333333333,0
C-001270,OpenLayers,src/ol/source/Vector.js,175,1128,954,954,109,109,35,35,13,3.1142857142857143,3.1142857142857143,0,0.7291666666666666,1
C-001272,OpenLayers,src/ol/source/WMTS.js,70,334,265,265,25,25,12,12,8,2.083333333333333,2.083333333333333,0,0.6,0
C-001277,OpenLayers,src/ol/structs/LRUCache.js,24,294,271,271,35,35,19,19,5,1.8421052631578947,1.8421052631578947,0,0.7916666666666666,0
C-001278,OpenLayers,src/ol/structs/PriorityQueue.js,24,263,240,240,25,25,15,15,5,1.6666666666666667,1.6666666666666667,0,0.75,0
C-001281,OpenLayers,src/ol/style/Fill.js,17,61,45,45,8,8,4,4,1,2.0,2.0,0,0.8,0
C-001292,OpenLayers,src/ol/tilegrid/TileGrid.js,65,668,604,604,68,68,24,24,12,2.833333333333333,2.833333333333333,0,0.6666666666666666,1
C-001295,OpenLayers,src/ol/TileRange.js,9,132,124,124,26,26,10,10,4,2.6,2.6,0,0.7142857142857143,0
C-001298,OpenLayers,src/ol/View.js,312,1915,1604,1584,202,197,71,69,7,2.8450704225352115,2.855072463768116,2,0.8846153846153846,1
C-001301,OpenLayers,src/ol/webgl/Helper.js,313,1124,812,812,67,67,35,35,17,1.9142857142857144,1.9142857142857144,0,0.6730769230769231,1
C-001312,ApexCharts,src/charts/common/bar/DataLabels.js,4,626,623,623,90,90,7,7,3,12.857142857142858,12.857142857142858,0,0.7,1
C-001314,ApexCharts,src/charts/common/circle/Helpers.js,3,30,28,28,3,3,2,2,2,1.5,1.5,0,0.5,0
C-001315,ApexCharts,src/charts/common/line/Helpers.js,4,149,146,146,32,32,5,5,2,6.4,6.4,0,0.7142857142857143,0
C-001317,ApexCharts,src/charts/HeatMap.js,13,241,229,229,31,31,4,4,8,7.75,7.75,0,0.3333333333333333,1
C-001318,ApexCharts,src/charts/Line.js,16,890,875,875,104,104,9,9,11,11.555555555555555,11.555555555555555,0,0.45,1
C-001319,ApexCharts,src/charts/Pie.js,13,1056,1044,1044,128,128,15,15,19,8.533333333333333,8.533333333333333,0,0.4411764705882353,1
C-001321,ApexCharts,src/charts/Radial.js,12,467,456,456,47,47,7,7,12,6.714285714285714,6.714285714285714,0,0.3684210526315789,1
C-001323,ApexCharts,src/charts/Scatter.js,12,271,260,260,47,47,4,4,4,11.75,11.75,0,0.5,1
C-001327,ApexCharts,src/modules/annotations/Helpers.js,3,281,279,279,55,55,7,7,2,7.857142857142857,7.857142857142857,0,0.7777777777777778,1
C-001330,ApexCharts,src/modules/annotations/YAxisAnnotations.js,3,117,115,115,14,14,4,4,3,3.5,3.5,0,0.5714285714285714,0
C-001335,ApexCharts,src/modules/axes/YAxis.js,11,576,566,566,60,60,9,9,10,6.666666666666667,6.666666666666667,0,0.4736842105263157,1
C-001336,ApexCharts,src/modules/Base.js,9,25,17,17,2,2,2,2,1,1.0,1.0,0,0.6666666666666666,0
C-001339,ApexCharts,src/modules/Crosshairs.js,5,136,132,132,12,12,3,3,2,4.0,4.0,0,0.6,0
C-001341,ApexCharts,src/modules/DataLabels.js,11,379,369,369,62,62,7,7,2,8.857142857142858,8.857142857142858,0,0.7777777777777778,1
C-001346,ApexCharts,src/modules/dimensions/YAxis.js,5,205,201,201,7,7,4,4,2,1.75,1.75,0,0.6666666666666666,0
C-001349,ApexCharts,src/modules/Fill.js,10,406,397,397,71,71,8,8,4,8.875,8.875,0,0.6666666666666666,1
C-001350,ApexCharts,src/modules/Filters.js,8,210,203,203,25,25,10,10,2,2.5,2.5,0,0.8333333333333334,0
C-001352,ApexCharts,src/modules/Graphics.js,11,1024,1014,1014,161,161,26,26,2,6.1923076923076925,6.1923076923076925,0,0.9285714285714286,1
C-001353,ApexCharts,src/modules/helpers/Destroy.js,1,88,88,88,12,12,4,4,2,3.0,3.0,0,0.6666666666666666,0
C-001354,ApexCharts,src/modules/helpers/InitCtxVariables.js,38,106,69,69,2,2,2,2,2,1.0,1.0,0,0.5,0
C-001355,ApexCharts,src/modules/helpers/Localization.js,5,39,35,35,6,6,2,2,2,3.0,3.0,0,0.5,0
C-001356,ApexCharts,src/modules/helpers/UpdateHelpers.js,7,302,296,296,36,36,8,8,2,4.5,4.5,0,0.8,1
C-001357,ApexCharts,src/modules/legend/Helpers.js,4,281,278,278,29,29,8,8,2,3.625,3.625,0,0.8,1
C-001358,ApexCharts,src/modules/legend/Legend.js,14,476,463,463,103,103,8,8,6,12.875,12.875,0,0.5714285714285714,1
C-001359,ApexCharts,src/modules/Markers.js,11,255,245,245,56,56,6,6,2,9.333333333333334,9.333333333333334,0,0.75,1
C-001360,ApexCharts,src/modules/Range.js,11,574,564,564,119,119,9,9,3,13.22222222222222,13.22222222222222,0,0.75,1
C-001362,ApexCharts,src/modules/Scales.js,3,594,592,592,78,78,11,11,2,7.090909090909091,7.090909090909091,0,0.8461538461538461,1
C-001363,ApexCharts,src/modules/Series.js,10,479,470,470,66,66,21,21,3,3.142857142857143,3.142857142857143,0,0.875,1
C-001364,ApexCharts,src/modules/settings/Config.js,10,338,329,329,80,80,10,10,1,8.0,8.0,0,0.9090909090909092,1
C-001365,ApexCharts,src/modules/settings/Defaults.js,136,1118,983,983,48,48,27,27,1,1.7777777777777777,1.7777777777777777,0,0.9642857142857144,1
C-001366,ApexCharts,src/modules/settings/Globals.js,3,227,225,225,8,8,3,3,0,2.6666666666666665,2.6666666666666665,0,1.0,1
C-001371,ApexCharts,src/modules/Toolbar.js,19,532,514,514,64,64,19,19,7,3.3684210526315788,3.3684210526315788,0,0.7307692307692307,1
C-001372,ApexCharts,src/modules/tooltip/AxesTooltip.js,8,191,184,184,28,28,6,6,2,4.666666666666667,4.666666666666667,0,0.75,0
C-001373,ApexCharts,src/modules/tooltip/Intersect.js,11,364,354,354,59,59,6,6,3,9.833333333333334,9.833333333333334,0,0.6666666666666666,1
C-001374,ApexCharts,src/modules/tooltip/Labels.js,12,500,489,489,78,78,9,9,4,8.666666666666666,8.666666666666666,0,0.6923076923076923,1
C-001376,ApexCharts,src/modules/tooltip/Position.js,10,442,433,433,92,92,10,10,3,9.2,9.2,0,0.7692307692307693,1
C-001380,ApexCharts,src/utils/DateTime.js,9,238,230,230,43,43,13,13,5,3.3076923076923075,3.3076923076923075,0,0.7222222222222222,0
