ID,PROJECT,FILE,START,END,LOC,CYCLO,MAXNESTING,NOAV,NOLV,NOP,MaMCL,MeMCL,EMBEDDING,TL_RESULT,IS_LONG_METHOD
M-000024,MapTalks,src/control/Control.js,190,211,22,3,1,0,0,0,1,0.0,-0.5018366575241089,0,0
M-000085,MapTalks,src/control/Control.Zoom.js,151,154,4,1,0,0,0,1,1,0.0,-0.9386842846870422,0,0
M-000086,MapTalks,src/control/Control.Zoom.js,156,159,4,1,0,0,0,1,1,0.0,-0.9283981323242188,0,0
M-000135,MapTalks,src/core/util/LRUCache.js,163,167,5,2,0,0,0,2,1,0.0,-0.8717379570007324,0,0
M-000191,MapTalks,src/geo/Extent.js,390,397,8,1,0,0,0,4,1,0.0,-0.724898099899292,0,0
M-000225,MapTalks,src/geo/Position.js,60,64,5,1,0,0,0,0,1,0.0,-0.730670154094696,0,0
M-000257,MapTalks,src/geo/Size.js,82,86,5,1,0,0,0,0,1,0.0,-0.657339870929718,0,0
M-000269,MapTalks,src/geometry/CenterMixin.js,41,52,12,4,1,2,2,1,1,0.0,-0.017488893121480942,0,0
M-000315,MapTalks,src/geometry/editor/GeometryEditor.js,110,177,68,22,2,3,3,0,1,0.0,0.18875275552272797,0,1
M-000327,MapTalks,src/geometry/editor/GeometryEditor.js,512,645,134,15,5,6,6,0,1,0.0,0.39814603328704834,1,1
M-000371,MapTalks,src/geometry/ext/Geometry.Drag.js,167,257,91,20,3,11,11,1,1,0.0,0.23569132387638092,1,1
M-000590,MapTalks,src/geometry/Rectangle.js,79,83,5,1,0,0,0,1,1,0.0,-0.9335004687309265,0,0
M-000598,MapTalks,src/geometry/Rectangle.js,162,185,24,5,3,7,7,0,1,0.0,-0.14178083837032318,0,0
M-000632,MapTalks,src/geometry/TextBox.js,189,291,103,29,5,5,5,0,1,0.0,0.38591673970222473,1,1
M-000646,MapTalks,src/handler/Drag.js,28,32,5,1,0,0,0,2,1,0.0,-0.897340714931488,0,0
M-000701,MapTalks,src/layer/ImageLayer.js,286,291,6,2,1,0,0,1,1,0.0,-0.8755147457122803,0,0
M-000713,MapTalks,src/layer/Layer.js,225,238,14,1,0,0,0,1,1,0.0,-0.8608027696609497,0,0
M-000754,MapTalks,src/layer/OverlayLayer.js,197,279,83,24,6,2,2,2,1,0.0,0.046032145619392395,1,1
M-000788,MapTalks,src/layer/tile/CanvasTileLayer.js,16,22,7,2,1,0,0,2,1,0.0,-0.7440270185470581,0,0
M-000839,MapTalks,src/layer/tile/TileLayer.js,444,549,106,17,5,20,20,9,1,0.0,0.34672948718070984,1,1
M-000846,MapTalks,src/layer/tile/TileLayer.js,808,815,8,1,0,1,1,0,1,0.0,-0.7187327146530151,0,0
M-000851,MapTalks,src/layer/tile/TileLayer.js,878,1107,230,55,8,32,32,5,1,0.0,0.36962205171585083,1,1
M-000914,MapTalks,src/map/handler/Map.GeometryEvents.js,200,399,200,32,8,11,11,2,1,0.0,0.2149333953857422,1,1
M-001110,MapTalks,src/map/tool/DrawTool.js,322,329,8,2,1,2,2,0,1,0.0,-0.7596609592437744,0,0
M-001145,MapTalks,src/renderer/edit/EditHandle.js,101,114,14,4,2,0,0,0,1,0.0,-0.430434912443161,0,0
M-001183,MapTalks,src/renderer/geometry/Painter.js,156,237,82,26,4,13,13,5,1,0.0,0.3388722538948059,1,1
M-001184,MapTalks,src/renderer/geometry/Painter.js,239,393,155,23,8,8,8,7,1,0.0,0.3838340640068054,1,1
M-001185,MapTalks,src/renderer/geometry/Painter.js,395,508,114,22,5,7,7,2,1,0.0,0.26170578598976135,1,1
M-001207,MapTalks,src/renderer/geometry/Painter.js,865,868,4,1,0,0,0,0,1,0.0,-0.948449432849884,0,0
M-001226,MapTalks,src/renderer/geometry/symbolizers/DebugSymbolizer.js,19,56,38,9,4,9,9,1,1,0.0,-0.15893831849098206,0,0
M-001230,MapTalks,src/renderer/geometry/symbolizers/DrawAltitudeSymbolizer.js,71,74,4,3,0,1,1,0,1,0.0,-0.8004778027534485,0,0
M-001281,MapTalks,src/renderer/geometry/symbolizers/VectorMarkerSymbolizer.js,37,57,21,11,1,2,2,2,1,0.0,-0.27512940764427185,0,0
M-001382,MapTalks,src/renderer/layer/ImageGLRenderable.js,230,251,22,1,0,1,1,5,1,0.0,0.17142970860004425,0,0
M-001426,MapTalks,src/renderer/layer/tilelayer/TileLayerCanvasRenderer.js,158,283,126,29,8,15,15,0,1,0.0,0.3825034201145172,1,1
M-001493,MapTalks,src/renderer/layer/tilelayer/TileLayerDomRenderer.js,298,392,95,21,3,9,9,0,1,0.0,0.09378255903720856,1,1
M-001501,MapTalks,src/renderer/layer/tilelayer/TileLayerDomRenderer.js,547,554,8,3,3,0,0,0,1,0.0,-0.8042371273040771,0,0
M-001506,MapTalks,src/renderer/layer/tilelayer/TileLayerDomRenderer.js,631,653,23,2,1,1,1,1,1,0.0,-0.5792217254638672,0,0
M-001541,MapTalks,src/renderer/layer/vectorlayer/OverlayLayerCanvasRenderer.js,70,73,4,1,0,0,0,1,1,0.0,-0.9420767426490784,0,0
M-001571,MapTalks,src/renderer/layer/vectorlayer/VectorLayerCanvasRenderer.js,381,465,85,22,4,15,15,1,1,0.0,0.13740412890911102,1,1
M-001578,MapTalks,src/renderer/map/MapCanvasRenderer.js,99,198,100,35,5,11,11,2,1,0.0,0.3520010709762573,1,1
M-001584,MapTalks,src/renderer/map/MapCanvasRenderer.js,315,392,78,19,4,7,7,1,1,0.0,0.27879470586776733,1,1
M-001679,MapTalks,src/ui/ToolTip.js,152,156,5,1,0,0,0,0,1,0.0,-0.9328975677490234,0,0
M-001686,MapTalks,src/ui/UIComponent.js,180,308,129,24,3,7,7,1,1,0.0,0.22768989205360413,1,1
M-001916,Atom,packages/git-diff/lib/git-diff-view.js,211,217,7,2,0,0,0,0,1,0.0,-0.8391233682632446,0,0
M-001936,Atom,packages/incompatible-packages/lib/incompatible-packages-component.js,12,38,27,2,3,0,0,1,1,0.0,-0.25628861784935,0,0
M-001946,Atom,packages/incompatible-packages/lib/incompatible-packages-component.js,195,212,18,3,3,0,0,0,1,0.0,-0.24112184345722198,0,0
M-001947,Atom,packages/incompatible-packages/lib/incompatible-packages-component.js,214,217,4,1,0,0,0,2,1,0.0,-0.90968257188797,0,0
M-001982,Atom,packages/welcome/lib/guide-view.js,380,388,9,3,1,0,0,0,1,0.0,-0.7265215516090393,0,0
M-001983,Atom,packages/welcome/lib/guide-view.js,390,396,7,1,0,0,0,0,1,0.0,-0.7766495943069458,0,0
M-002154,Atom,src/atom-environment.js,1093,1098,6,2,0,0,0,0,1,0.0,-0.8681520223617554,0,0
M-002188,Atom,src/atom-environment.js,1577,1580,4,1,0,0,0,1,1,0.0,-0.916864275932312,0,0
M-002192,Atom,src/atom-environment.js,1606,1741,136,23,5,5,5,1,4,3.5,0.5017105937004089,1,1
M-002194,Atom,src/auto-update-manager.js,4,8,5,1,0,0,0,1,1,0.0,-0.8652170300483704,0,0
M-002278,Atom,src/config-file.js,59,64,6,1,2,0,0,1,1,0.0,-0.9029152989387512,0,0
M-002294,Atom,src/config.js,779,836,58,13,4,0,0,2,1,0.0,0.3981148600578308,0,1
M-002325,Atom,src/config.js,1304,1324,21,2,4,0,0,1,1,0.0,-0.23425042629241943,0,0
M-002331,Atom,src/config.js,1406,1411,6,1,1,0,0,3,1,0.0,-0.7809838652610779,0,0
M-002438,Atom,src/deserializer-manager.js,37,49,13,2,4,0,0,1,1,0.0,-0.18007278442382812,0,0
M-002507,Atom,src/dock.js,807,831,25,2,0,1,1,0,1,0.0,-0.5069755911827087,0,0
M-002657,Atom,src/main-process/application-menu.js,100,104,5,4,2,0,0,1,1,0.0,-0.7094690203666687,0,0
M-002692,Atom,src/main-process/atom-application.js,1266,1434,169,23,5,3,3,1,1,0.0,0.323027104139328,1,1
M-002720,Atom,src/main-process/atom-protocol-handler.js,17,29,13,2,1,0,0,2,1,0.0,-0.289132297039032,0,0
M-002722,Atom,src/main-process/atom-window.js,20,175,156,18,2,4,4,3,1,0.0,0.1802482008934021,1,1
M-002727,Atom,src/main-process/atom-window.js,206,276,71,2,3,0,0,0,1,0.0,-0.3349987268447876,0,0
M-002997,Atom,src/package.js,623,650,28,7,3,0,0,0,1,0.0,-0.24327079951763153,0,0
M-003008,Atom,src/package.js,966,969,4,2,0,1,1,0,1,0.0,-0.9083983898162842,0,0
M-003048,Atom,src/pane-axis.js,14,30,17,4,3,0,0,2,1,0.0,-0.22763006389141083,0,0
M-003160,Atom,src/pane.js,25,59,35,6,2,3,3,2,1,0.0,-0.3568296730518341,0,0
M-003354,Atom,src/project.js,690,693,4,2,0,1,1,1,1,0.0,-0.8119409084320068,0,0
M-003394,Atom,src/ripgrep-directory-searcher.js,221,364,144,13,9,6,6,4,1,0.0,0.32761406898498535,1,1
M-003395,Atom,src/ripgrep-directory-searcher.js,369,403,35,7,3,1,1,2,1,0.0,-0.21218949556350708,0,0
M-003403,Atom,src/scope-descriptor.js,71,82,12,4,3,0,0,1,1,0.0,-0.2719470262527466,0,0
M-003410,Atom,src/selection.js,76,81,6,1,0,0,0,2,1,0.0,-0.8573454022407532,0,0
M-003454,Atom,src/selection.js,501,587,87,22,2,8,8,2,1,0.0,0.293069988489151,1,1
M-003496,Atom,src/state-store.js,52,66,15,1,4,0,0,2,3,3.0,-0.45579731464385986,0,0
M-003559,Atom,src/text-editor-component.js,638,721,84,3,4,2,2,0,1,0.0,-0.3728926479816437,0,0
M-003583,Atom,src/text-editor-component.js,1348,1461,114,27,8,3,3,0,1,0.0,0.3940368890762329,1,1
M-003588,Atom,src/text-editor-component.js,1529,1568,40,6,2,9,9,1,1,0.0,-0.0009600184857845306,0,0
M-003612,Atom,src/text-editor-component.js,1939,2045,107,26,4,11,11,1,1,0.0,0.09371524304151535,1,1
M-003667,Atom,src/text-editor-component.js,3011,3015,5,1,0,0,0,0,1,0.0,-0.8880996704101562,0,0
M-003685,Atom,src/text-editor-component.js,3149,3157,9,2,1,0,0,0,1,0.0,-0.6806412935256958,0,0
M-003725,Atom,src/text-editor-component.js,3668,3807,140,14,7,15,15,0,1,0.0,-0.11983043700456619,1,1
M-003750,Atom,src/text-editor-component.js,4285,4418,134,12,6,12,12,2,1,0.0,0.43876907229423523,1,1
M-003760,Atom,src/text-editor-component.js,4730,4740,11,1,0,0,0,1,1,0.0,-0.4505394697189331,0,0
M-003825,Atom,src/text-editor-element.js,309,313,5,2,0,0,0,0,1,0.0,-0.9016546607017517,0,0
M-003845,Atom,src/text-editor-registry.js,146,149,4,1,0,0,0,1,1,0.0,-0.8903884291648865,0,0
M-003857,Atom,src/text-editor.js,85,90,6,2,1,0,0,0,1,0.0,-0.8901054859161377,0,0
M-003861,Atom,src/text-editor.js,137,317,181,35,3,2,2,1,1,0.0,0.1286463886499405,1,1
M-003870,Atom,src/text-editor.js,392,527,136,32,4,1,1,1,1,0.0,0.38053762912750244,1,1
M-003982,Atom,src/text-editor.js,1572,1575,4,2,0,1,1,1,1,0.0,-0.8871800899505615,0,0
M-004080,Atom,src/text-editor.js,3261,3265,5,1,1,0,0,1,1,0.0,-0.8457673788070679,0,0
M-004161,Atom,src/text-editor.js,4095,4098,4,1,0,0,0,1,1,0.0,-0.8966906666755676,0,0
M-004193,Atom,src/text-editor.js,4489,4494,6,3,0,1,1,0,1,0.0,-0.7862916588783264,0,0
M-004248,Atom,src/text-editor.js,5152,5158,7,2,1,0,0,0,1,0.0,-0.888613224029541,0,0
M-004272,Atom,src/text-editor.js,5342,5374,33,9,2,0,0,4,1,0.0,0.27946215867996216,0,1
M-004311,Atom,src/text-editor.js,5629,5767,139,22,7,1,1,3,3,3.0,0.5559961199760437,1,1
M-004371,Atom,src/text-mate-language-mode.js,842,846,5,1,0,0,0,1,1,0.0,-0.880247950553894,0,0
M-004376,Atom,src/text-mate-language-mode.js,939,979,41,9,6,0,0,0,1,0.0,0.34464988112449646,0,1
M-004419,Atom,src/title-bar.js,2,21,20,1,1,0,0,1,1,0.0,-0.3806528151035309,0,0
M-004475,Atom,src/tree-sitter-language-mode.js,339,352,14,4,2,1,1,2,1,0.0,-0.24396927654743195,0,0
M-004497,Atom,src/tree-sitter-language-mode.js,833,936,104,17,8,3,3,2,3,3.0,0.37597787380218506,1,1
M-004561,Atom,src/window-event-handler.js,157,160,4,1,0,0,0,1,1,0.0,-0.9593802690505981,0,0
M-004562,Atom,src/window-event-handler.js,162,166,5,1,0,0,0,1,1,0.0,-0.9208604097366333,0,0
M-004686,Atom,src/workspace.js,958,961,4,1,0,0,0,1,1,0.0,-0.9226876497268677,0,0
M-004692,Atom,src/workspace.js,1077,1249,173,53,4,0,0,2,1,0.0,0.05133036524057388,1,1
M-004809,Chart.js,src/controllers/controller.line.js,35,39,5,1,0,0,0,0,1,0.0,-0.9041585922241211,0,0
M-004818,Chart.js,src/controllers/controller.polarArea.js,121,140,20,1,4,2,2,0,1,0.0,-0.29855161905288696,0,0
M-004828,Chart.js,src/controllers/controller.scatter.js,56,99,44,5,2,3,3,1,1,0.0,-0.13728681206703186,0,0
M-004831,Chart.js,src/controllers/controller.scatter.js,156,178,23,8,3,6,6,0,1,0.0,-0.23302879929542542,0,0
M-004839,Chart.js,src/core/core.animations.js,7,11,5,1,0,0,0,2,1,0.0,-0.8570699691772461,0,0
M-004874,Chart.js,src/core/core.config.js,351,367,17,4,2,3,3,4,1,0.0,-0.14444375038146973,0,0
M-004894,Chart.js,src/core/core.controller.js,433,473,41,9,3,2,2,0,1,0.0,-0.28218260407447815,0,0
M-004912,Chart.js,src/core/core.controller.js,843,850,8,2,1,1,1,4,1,0.0,-0.7619357705116272,0,0
M-004925,Chart.js,src/core/core.controller.js,960,978,19,2,1,2,2,0,1,0.0,-0.27344170212745667,0,0
M-004927,Chart.js,src/core/core.controller.js,987,994,8,2,1,0,0,0,1,0.0,-0.7725710868835449,0,0
M-004940,Chart.js,src/core/core.datasetController.js,245,268,24,1,0,0,0,2,1,0.0,-0.24120014905929565,0,0
M-004970,Chart.js,src/core/core.datasetController.js,750,770,21,5,1,1,1,3,1,0.0,-0.39436087012290955,0,0
M-004985,Chart.js,src/core/core.datasetController.js,950,977,28,5,2,5,5,1,1,0.0,-0.007968245074152946,0,0
M-004989,Chart.js,src/core/core.datasetController.js,1029,1037,9,2,1,0,0,1,1,0.0,-0.34958600997924805,0,0
M-005006,Chart.js,src/core/core.plugins.js,84,94,11,2,1,1,1,1,1,0.0,-0.7477156519889832,0,0
M-005028,Chart.js,src/core/core.scale.js,171,250,80,1,0,0,0,1,1,0.0,-0.20483168959617615,0,0
M-005037,Chart.js,src/core/core.scale.js,373,376,4,1,0,0,0,0,1,0.0,-0.948525071144104,0,0
M-005074,Chart.js,src/core/core.scale.js,934,937,4,2,0,1,1,1,1,0.0,-0.8180283904075623,0,0
M-005076,Chart.js,src/core/core.scale.js,951,957,7,5,0,2,2,0,1,0.0,-0.8175997734069824,0,0
M-005080,Chart.js,src/core/core.scale.js,1014,1143,130,18,3,18,18,1,1,0.0,0.2533857822418213,1,1
M-005081,Chart.js,src/core/core.scale.js,1148,1323,176,38,5,16,16,1,1,0.0,0.3916618525981903,1,1
M-005088,Chart.js,src/core/core.scale.js,1516,1546,31,4,1,8,8,0,1,0.0,-0.2843072712421417,0,0
M-005090,Chart.js,src/core/core.scale.js,1582,1613,32,6,2,11,11,0,1,0.0,-0.2948840856552124,0,0
M-005092,Chart.js,src/core/core.scale.js,1631,1665,35,7,3,4,4,0,1,0.0,0.08634588122367859,0,1
M-005101,Chart.js,src/elements/element.bar.js,164,177,14,2,1,0,0,1,1,0.0,-0.6196520924568176,0,0
M-005146,Chart.js,src/plugins/plugin.legend.js,230,263,34,7,4,6,6,0,1,0.0,-0.029951345175504684,0,0
M-005157,Chart.js,src/plugins/plugin.title.js,59,82,24,3,2,6,6,1,1,0.0,-0.1472657322883606,0,0
M-005171,Chart.js,src/plugins/plugin.tooltip.js,692,747,56,6,2,12,12,3,1,0.0,0.25939124822616577,0,1
M-005175,Chart.js,src/plugins/plugin.tooltip.js,928,952,25,3,3,2,2,3,1,0.0,-0.2425946593284607,0,0
M-005205,Chart.js,src/scales/scale.linearbase.js,244,288,45,5,1,5,5,0,1,0.0,-0.3060288429260254,0,0
M-005225,Chart.js,src/scales/scale.radialLinear.js,489,500,12,3,1,1,1,1,1,0.0,-0.34652483463287354,0,0
M-005240,Chart.js,src/scales/scale.time.js,302,309,8,1,0,0,0,0,1,0.0,-0.783160924911499,0,0
M-005258,Chart.js,src/scales/scale.time.js,671,674,4,1,0,0,0,1,1,0.0,-0.9502489566802979,0,0
M-005259,Chart.js,src/scales/scale.timeseries.js,46,55,10,1,0,0,0,1,1,0.0,-0.8851331472396851,0,0
M-005266,JsPaint,lib/anypalette-0.6.0.js,9357,9485,129,32,6,22,22,1,1,0.0,0.496033251285553,1,1
M-005316,JsPaint,lib/pdf.js/web/viewer.js,3955,3973,19,1,2,0,0,1,1,0.0,-0.36579054594039917,0,0
M-005335,JsPaint,lib/pdf.js/web/viewer.js,4437,4443,7,3,1,0,0,1,1,0.0,-0.8011585474014282,0,0
M-005364,JsPaint,lib/pdf.js/web/viewer.js,4968,4975,8,1,0,0,0,0,1,0.0,-0.7457427978515625,0,0
M-005370,JsPaint,lib/pdf.js/web/viewer.js,5107,5158,52,1,4,0,0,3,1,0.0,-0.3292043209075928,0,0
M-005375,JsPaint,lib/pdf.js/web/viewer.js,5238,5250,13,2,1,0,0,0,1,0.0,-0.47427815198898315,0,0
M-005386,JsPaint,lib/pdf.js/web/viewer.js,5426,5484,59,5,5,1,1,2,1,0.0,-0.20023684203624725,0,0
M-005426,JsPaint,lib/pdf.js/web/viewer.js,6562,6623,62,8,3,3,3,1,1,0.0,-0.30511152744293213,0,0
M-005436,JsPaint,lib/pdf.js/web/viewer.js,6808,6814,7,2,1,0,0,0,1,0.0,-0.8922548294067383,0,0
M-005454,JsPaint,lib/pdf.js/web/viewer.js,7094,7186,93,28,5,0,0,1,1,0.0,0.29625993967056274,1,1
M-005455,JsPaint,lib/pdf.js/web/viewer.js,7188,7228,41,9,2,0,0,1,1,0.0,-0.21658360958099365,0,0
M-005460,JsPaint,lib/pdf.js/web/viewer.js,7327,7332,6,1,0,0,0,0,1,0.0,-0.8765578269958496,0,0
M-005482,JsPaint,lib/pdf.js/web/viewer.js,7521,7581,61,8,5,2,2,1,1,0.0,-0.2942242920398712,0,0
M-005483,JsPaint,lib/pdf.js/web/viewer.js,7583,7621,39,9,3,1,1,0,1,0.0,-0.11304686963558197,0,0
M-005486,JsPaint,lib/pdf.js/web/viewer.js,7741,7767,27,7,1,0,0,0,1,0.0,-0.26886922121047974,0,0
M-005498,JsPaint,lib/pdf.js/web/viewer.js,7945,7948,4,1,0,0,0,0,1,0.0,-0.9584738612174988,0,0
M-005541,JsPaint,lib/pdf.js/web/viewer.js,8769,8777,9,2,2,0,0,0,1,0.0,-0.7079545855522156,0,0
M-005543,JsPaint,lib/pdf.js/web/viewer.js,8791,8862,72,1,5,1,1,0,1,0.0,-0.43408772349357605,0,0
M-005546,JsPaint,lib/pdf.js/web/viewer.js,8904,8922,19,4,1,1,1,1,1,0.0,-0.17357537150382996,0,0
M-005625,JsPaint,lib/pdf.js/web/viewer.js,10759,10776,18,7,1,1,1,1,1,0.0,-0.28217238187789917,0,0
M-005643,JsPaint,lib/pdf.js/web/viewer.js,11054,11184,131,31,8,0,0,2,1,0.0,0.25401923060417175,1,1
M-005644,JsPaint,lib/pdf.js/web/viewer.js,11186,11197,12,3,1,3,3,0,1,0.0,-0.280497282743454,0,0
M-005660,JsPaint,lib/pdf.js/web/viewer.js,11729,11796,68,13,2,5,5,2,1,0.0,-0.22376994788646698,0,0
M-005693,JsPaint,lib/pdf.js/web/viewer.js,12807,12825,19,1,3,0,0,1,1,0.0,-0.47552743554115295,0,0
M-005701,JsPaint,lib/pdf.js/web/viewer.js,12911,12917,7,1,0,0,0,0,1,0.0,-0.8466343879699707,0,0
M-005702,JsPaint,lib/pdf.js/web/viewer.js,12919,12949,31,5,2,3,3,0,1,0.0,-0.27139097452163696,0,0
M-005711,JsPaint,lib/pdf.js/web/viewer.js,13026,13073,48,1,0,0,0,3,1,0.0,-0.36870577931404114,0,0
M-005712,JsPaint,lib/pdf.js/web/viewer.js,13075,13080,6,1,0,0,0,2,1,0.0,-0.8859611749649048,0,0
M-005720,JsPaint,lib/pdf.js/web/viewer.js,13289,13322,34,1,6,0,0,2,1,0.0,0.19279921054840088,0,1
M-005726,JsPaint,lib/pdf.js/web/viewer.js,13355,13365,11,3,2,1,1,1,1,0.0,-0.37238022685050964,0,0
M-005732,JsPaint,lib/pdf.js/web/viewer.js,13422,13426,5,1,0,0,0,1,1,0.0,-0.965279757976532,0,0
M-005743,JsPaint,lib/pdf.js/web/viewer.js,13619,13650,32,5,3,2,2,3,1,0.0,-0.3768112063407898,0,0
M-005750,JsPaint,lib/pdf.js/web/viewer.js,14582,14586,5,1,2,0,0,1,1,0.0,-0.6534324288368225,0,0
M-005757,JsPaint,lib/tracky-mouse/tracky-mouse.js,323,333,11,1,0,0,0,0,1,0.0,-0.4136554002761841,0,0
M-005769,JsPaint,src/OnCanvasSelection.js,24,27,4,1,0,0,0,0,1,0.0,-0.9505043029785156,0,0
M-005770,JsPaint,src/OnCanvasSelection.js,28,146,119,1,7,1,1,1,1,0.0,0.2401757389307022,0,1
M-005771,JsPaint,src/OnCanvasSelection.js,147,203,57,5,3,4,4,0,1,0.0,-0.11018050462007523,0,0
M-005814,Xeokit-SDK,src/extras/ContextMenu/ContextMenu.js,610,784,175,17,10,5,5,1,1,0.0,0.22519409656524658,1,1
M-005823,Xeokit-SDK,src/plugins/AngleMeasurementsPlugin/AngleMeasurement.js,187,312,126,23,3,14,14,0,1,0.0,0.2664184868335724,1,1
M-005829,Xeokit-SDK,src/plugins/AngleMeasurementsPlugin/AngleMeasurement.js,375,378,4,1,0,0,0,0,1,0.0,-0.9603478908538818,0,0
M-005894,Xeokit-SDK,src/plugins/BCFViewpointsPlugin/BCFViewpointsPlugin.js,356,575,220,20,5,18,18,1,3,3.0,0.32317808270454407,1,1
M-005896,Xeokit-SDK,src/plugins/BCFViewpointsPlugin/BCFViewpointsPlugin.js,620,854,235,24,8,8,8,2,1,0.0,0.12497422099113464,1,1
M-005901,Xeokit-SDK,src/plugins/CityJSONLoaderPlugin/CityJSONLoaderPlugin.js,125,130,6,1,0,0,0,2,1,0.0,-0.9179080128669739,0,0
M-005909,Xeokit-SDK,src/plugins/CityJSONLoaderPlugin/CityJSONLoaderPlugin.js,316,396,81,15,10,3,3,3,1,0.0,0.315304160118103,1,1
M-006036,Xeokit-SDK,src/plugins/GLTFLoaderPlugin/GLTFDefaultDataSource.js,20,28,9,1,2,0,0,3,1,0.0,-0.7479003071784973,0,0
M-006094,Xeokit-SDK,src/plugins/lib/html/Label.js,132,142,11,3,1,0,0,1,1,0.0,-0.34904080629348755,0,0
M-006143,Xeokit-SDK,src/plugins/SectionPlanesPlugin/Control.js,1293,1296,4,1,0,0,0,0,1,0.0,-0.9559578895568848,0,0
M-006235,Xeokit-SDK,src/plugins/TreeViewPlugin/TreeViewPlugin.js,1065,1070,6,2,2,1,1,0,1,0.0,-0.7512028813362122,0,0
M-006243,Xeokit-SDK,src/plugins/TreeViewPlugin/TreeViewPlugin.js,1258,1293,36,8,8,3,3,0,1,0.0,0.34931039810180664,0,1
M-006345,Xeokit-SDK,src/viewer/metadata/MetaScene.js,310,408,99,25,7,1,1,1,1,0.0,0.34971925616264343,1,1
M-006434,Xeokit-SDK,src/viewer/scene/camera/CameraFlightAnimation.js,168,338,171,45,5,3,3,3,1,0.0,0.3012838363647461,1,1
M-006436,Xeokit-SDK,src/viewer/scene/camera/CameraFlightAnimation.js,361,453,93,28,3,8,8,1,1,0.0,0.46960943937301636,1,1
M-006462,Xeokit-SDK,src/viewer/scene/camera/CameraPath.js,150,155,6,3,0,0,0,4,1,0.0,-0.47694531083106995,0,0
M-006534,Xeokit-SDK,src/viewer/scene/CameraControl/CameraControl.js,963,976,14,7,1,0,0,1,1,0.0,-0.35226595401763916,0,0
M-006544,Xeokit-SDK,src/viewer/scene/CameraControl/CameraControl.js,1104,1107,4,1,0,0,0,0,1,0.0,-0.9527183175086975,0,0
M-006674,Xeokit-SDK,src/viewer/scene/Component.js,478,482,5,1,0,0,0,1,1,0.0,-0.8084848523139954,0,0
M-006675,Xeokit-SDK,src/viewer/scene/Component.js,507,723,217,37,6,7,7,1,1,0.0,0.16274888813495636,1,1
M-006845,Xeokit-SDK,src/viewer/scene/lights/PointLight.js,283,286,4,2,0,0,0,1,1,0.0,-0.8823248147964478,0,0
M-006923,Xeokit-SDK,src/viewer/scene/materials/EdgeMaterial.js,201,208,8,2,1,0,0,1,1,0.0,-0.7181155681610107,0,0
M-007182,Xeokit-SDK,src/viewer/scene/mesh/Mesh.js,220,359,140,20,2,1,1,2,1,0.0,0.2481365203857422,1,1
M-007191,Xeokit-SDK,src/viewer/scene/mesh/Mesh.js,457,463,7,2,0,0,0,1,1,0.0,-0.5714763402938843,0,0
M-007300,Xeokit-SDK,src/viewer/scene/mesh/shadow/ShadowShaderSource.js,5,8,4,1,0,0,0,1,1,0.0,-0.8768510818481445,0,0
M-007309,Xeokit-SDK,src/viewer/scene/metriqs/Metriqs.js,236,240,5,1,0,0,0,2,1,0.0,-0.27911972999572754,0,0
M-007343,Xeokit-SDK,src/viewer/scene/model/dtx/triangles/renderers/TrianglesDataTextureColorQualityRenderer.js,299,423,125,15,2,6,6,0,1,0.0,0.35456326603889465,1,1
M-007344,Xeokit-SDK,src/viewer/scene/model/dtx/triangles/renderers/TrianglesDataTextureColorQualityRenderer.js,425,803,379,43,4,7,7,0,1,0.0,0.4880732297897339,1,1
M-007355,Xeokit-SDK,src/viewer/scene/model/dtx/triangles/renderers/TrianglesDataTextureColorRenderer.js,512,595,84,9,3,4,4,0,1,0.0,0.09938287734985352,0,0
M-007439,Xeokit-SDK,src/viewer/scene/model/dtx/triangles/renderers/TrianglesDataTexturePickNormalsFlatRenderer.js,245,288,44,4,2,3,3,0,1,0.0,0.3045760989189148,0,1
M-007532,Xeokit-SDK,src/viewer/scene/model/dtx/triangles/TrianglesDataTextureLayer.js,1059,1094,36,4,1,2,2,2,1,0.0,0.05368068069219589,0,0
M-007637,Xeokit-SDK,src/viewer/scene/model/SceneModel.js,2079,2162,84,42,3,0,0,1,1,0.0,0.25332945585250854,1,1
M-007638,Xeokit-SDK,src/viewer/scene/model/SceneModel.js,2185,2303,119,41,7,2,2,1,1,0.0,0.07368053495883942,1,1
M-007640,Xeokit-SDK,src/viewer/scene/model/SceneModel.js,2436,2691,256,104,4,2,2,1,1,0.0,0.06370037794113159,1,1
M-007798,Xeokit-SDK,src/viewer/scene/model/vbo/linesBatching/LinesBatchingLayer.js,542,621,80,24,3,12,12,4,1,0.0,0.3864966630935669,1,1
M-007984,Xeokit-SDK,src/viewer/scene/model/vbo/pointsInstancing/PointsInstancingRenderers.js,98,120,23,8,1,0,0,0,1,0.0,-0.29624509811401367,0,0
M-008014,Xeokit-SDK,src/viewer/scene/model/vbo/snapBatching/SnapBatchingDepthBufInitRenderer.js,26,139,114,17,6,12,12,3,1,0.0,0.32582420110702515,1,1
M-008067,Xeokit-SDK,src/viewer/scene/model/vbo/trianglesBatching/renderers/TrianglesBatchingColorRenderer.js,16,154,139,20,4,5,5,0,1,0.0,0.36310237646102905,1,1
M-008107,Xeokit-SDK,src/viewer/scene/model/vbo/trianglesBatching/TrianglesBatchingLayer.js,182,431,250,45,5,25,25,1,1,0.0,0.2926653027534485,1,1
M-008108,Xeokit-SDK,src/viewer/scene/model/vbo/trianglesBatching/TrianglesBatchingLayer.js,437,538,102,24,4,3,3,0,1,0.0,0.5238736271858215,1,1
M-008125,Xeokit-SDK,src/viewer/scene/model/vbo/trianglesBatching/TrianglesBatchingLayer.js,855,886,32,6,2,10,10,2,1,0.0,-0.12390872091054916,0,0
M-008228,Xeokit-SDK,src/viewer/scene/model/vbo/trianglesInstancing/TrianglesInstancingLayer.js,624,699,76,27,2,9,9,3,1,0.0,0.46186596155166626,1,1
M-008283,Xeokit-SDK,src/viewer/scene/model/vbo/VBOSceneModelRenderers.js,118,248,131,15,3,5,5,0,1,0.0,0.4258320927619934,1,1
M-008286,Xeokit-SDK,src/viewer/scene/model/vbo/VBOSceneModelRenderers.js,417,609,193,51,2,17,17,4,1,0.0,0.1877111941576004,1,1
M-008324,Xeokit-SDK,src/viewer/scene/nodes/Node.js,571,577,7,2,2,0,0,1,1,0.0,-0.4770439565181732,0,0
M-008389,Xeokit-SDK,src/viewer/scene/paths/CubicBezierCurve.js,172,181,10,1,0,1,1,1,1,0.0,-0.3296402096748352,0,0
M-008399,Xeokit-SDK,src/viewer/scene/paths/Curve.js,111,134,24,7,2,5,5,1,1,0.0,-0.28621798753738403,0,0
M-008550,Xeokit-SDK,src/viewer/scene/scene/Scene.js,2267,2272,6,2,2,1,1,0,1,0.0,-0.4763374328613281,0,0
M-008553,Xeokit-SDK,src/viewer/scene/scene/Scene.js,2369,2375,7,1,2,0,0,2,1,0.0,-0.7999774217605591,0,0
M-008594,Xeokit-SDK,src/viewer/scene/utils/Loader.js,49,52,4,1,0,0,0,1,1,0.0,-0.9641174077987671,0,0
M-008641,Xeokit-SDK,src/viewer/scene/vfc/VFCState.js,136,157,22,6,3,0,0,2,1,0.0,0.09886308014392853,0,0
M-008646,Xeokit-SDK,src/viewer/scene/vfc/VFCState.js,215,223,9,3,3,2,2,2,1,0.0,-0.02987052872776985,0,0
M-008716,Xeokit-SDK,src/viewer/scene/webgl/occlusion/OcclusionTester.js,192,226,35,5,1,3,3,0,1,0.0,0.18535421788692474,0,0
M-008797,Xeokit-SDK,src/viewer/scene/webgl/Texture2D.js,203,310,108,22,4,7,7,1,1,0.0,0.1253989338874817,1,1
M-008817,Xeokit-SDK,src/viewer/Viewer.js,419,506,88,21,5,10,10,1,1,0.0,0.28287196159362793,1,1
M-008983,PlayCanvas,src/core/math/curve-set.js,114,123,10,2,2,1,1,2,1,0.0,-0.22681409120559692,0,0
M-009089,PlayCanvas,src/core/math/vec2.js,358,363,6,1,0,0,0,2,1,0.0,-0.7805032730102539,0,0
M-009167,PlayCanvas,src/core/preprocessor.js,124,301,178,27,7,2,2,2,1,0.0,0.41071152687072754,1,1
M-009335,PlayCanvas,src/framework/anim/controller/anim-controller.js,525,606,82,21,7,1,1,1,1,0.0,0.07632413506507874,1,1
M-009445,PlayCanvas,src/framework/anim/evaluator/anim-evaluator.js,197,284,88,15,6,4,4,2,1,0.0,0.30140992999076843,1,1
M-009473,PlayCanvas,src/framework/anim/state-graph/anim-state-graph.js,22,126,105,12,9,0,0,1,1,0.0,0.08335111290216446,0,1
M-009480,PlayCanvas,src/framework/app-base.js,258,614,357,20,5,3,3,1,1,0.0,0.26877790689468384,1,1
M-009485,PlayCanvas,src/framework/app-base.js,662,665,4,1,0,0,0,0,1,0.0,-0.9221476316452026,0,0
M-009546,PlayCanvas,src/framework/asset/asset-list-loader.js,220,223,4,1,0,0,0,1,1,0.0,-0.7881102561950684,0,0
M-009761,PlayCanvas,src/framework/components/animation/component.js,142,173,32,7,5,2,2,1,1,0.0,-0.3580978512763977,0,0
M-009802,PlayCanvas,src/framework/components/audio-source/component.js,119,157,39,13,6,2,2,3,1,0.0,-0.17942163348197937,0,1
M-009943,PlayCanvas,src/framework/components/camera/component.js,678,695,18,4,2,1,1,1,1,0.0,-0.23496928811073303,0,0
M-009999,PlayCanvas,src/framework/components/collision/component.js,251,283,33,9,2,1,1,3,1,0.0,-0.2743927836418152,0,0
M-010063,PlayCanvas,src/framework/components/collision/trigger.js,131,145,15,3,1,3,3,0,1,0.0,-0.3098856508731842,0,0
M-010283,PlayCanvas,src/framework/components/element/system.js,91,272,182,75,3,3,3,3,1,0.0,0.4580552279949188,1,1
M-010305,PlayCanvas,src/framework/components/element/text-element.js,323,716,394,58,7,7,7,1,1,0.0,0.40525734424591064,1,1
M-010316,PlayCanvas,src/framework/components/element/text-element.js,827,1372,546,69,10,12,12,0,1,0.0,0.14195258915424347,1,1
M-010581,PlayCanvas,src/framework/components/model/component.js,1095,1099,5,2,1,0,0,4,1,0.0,-0.886986255645752,0,0
M-010752,PlayCanvas,src/framework/components/rigid-body/component.js,490,541,52,10,2,1,1,0,1,0.0,0.25190550088882446,0,1
M-010854,PlayCanvas,src/framework/components/script/component.js,529,558,30,10,4,0,0,6,1,0.0,-0.19714397192001343,0,0
M-010855,PlayCanvas,src/framework/components/script/component.js,571,582,12,4,1,4,4,1,1,0.0,-0.3059154152870178,0,0
M-010863,PlayCanvas,src/framework/components/script/system.js,32,65,34,1,0,0,0,1,1,0.0,-0.41363582015037537,0,0
M-011096,PlayCanvas,src/framework/components/sprite/component.js,244,249,6,2,1,0,0,1,1,0.0,-0.8534188270568848,0,0
M-011129,PlayCanvas,src/framework/components/sprite/component.js,643,755,113,17,2,1,1,1,1,0.0,0.3719971477985382,1,1
M-011216,PlayCanvas,src/framework/entity.js,509,530,22,4,2,0,0,0,1,0.0,-0.31470319628715515,0,0
M-011239,PlayCanvas,src/framework/graphics/picker.js,239,321,83,17,8,4,4,3,1,0.0,0.22572050988674164,1,1
M-011257,PlayCanvas,src/framework/handlers/audio.js,74,78,5,1,0,1,1,1,1,0.0,-0.8841140270233154,0,0
M-011300,PlayCanvas,src/framework/handlers/cubemap.js,93,218,126,32,6,6,6,3,1,0.0,0.3931298553943634,1,1
M-011357,PlayCanvas,src/framework/handlers/material.js,238,351,114,19,5,5,5,2,1,0.0,0.2807289659976959,1,1
M-011528,PlayCanvas,src/framework/lightmapper/lightmapper.js,829,837,9,1,0,0,0,2,1,0.0,-0.6520367860794067,0,0
M-011531,PlayCanvas,src/framework/lightmapper/lightmapper.js,910,1142,233,33,10,9,9,3,1,0.0,0.18590033054351807,1,1
M-011535,PlayCanvas,src/framework/parsers/glb-container-parser.js,7,12,6,1,0,0,0,3,1,0.0,-0.8216870427131653,0,0
M-011582,PlayCanvas,src/framework/parsers/texture/dds.js,33,171,139,29,6,21,21,4,1,0.0,0.4993135333061218,1,1
M-011831,PlayCanvas,src/platform/audio/channel.js,24,49,26,6,1,0,0,3,1,0.0,-0.20695078372955322,0,0
M-011874,PlayCanvas,src/platform/graphics/blend-state.js,94,101,8,4,0,0,0,11,1,0.0,-0.3960739076137543,0,0
M-012148,PlayCanvas,src/platform/graphics/texture.js,723,805,83,22,5,0,0,2,1,0.0,0.31277263164520264,1,1
M-012153,PlayCanvas,src/platform/graphics/texture.js,888,991,104,19,7,13,13,0,1,0.0,0.2674211263656616,1,1
M-012178,PlayCanvas,src/platform/graphics/versioned-object.js,17,20,4,1,0,0,0,0,1,0.0,-0.9686941504478455,0,0
M-012189,PlayCanvas,src/platform/graphics/vertex-format.js,121,193,73,15,3,0,0,3,1,0.0,0.23873403668403625,0,1
M-012219,PlayCanvas,src/platform/graphics/webgl/webgl-graphics-device.js,314,727,414,38,4,5,5,2,1,0.0,0.41053473949432373,1,1
M-012260,PlayCanvas,src/platform/graphics/webgl/webgl-graphics-device.js,1881,2021,141,30,6,6,6,3,1,0.0,0.3017069101333618,1,1
M-012299,PlayCanvas,src/platform/graphics/webgl/webgl-render-target.js,95,225,131,29,4,5,5,2,1,0.0,0.14786845445632935,1,1
M-012326,PlayCanvas,src/platform/graphics/webgl/webgl-texture.js,284,499,216,45,9,2,2,2,1,0.0,0.05312633886933327,1,1
M-012328,PlayCanvas,src/platform/graphics/webgl/webgl-vertex-buffer.js,21,24,4,1,0,0,0,0,1,0.0,-0.9398465156555176,0,0
M-012345,PlayCanvas,src/platform/graphics/webgpu/webgpu-debug.js,24,27,4,1,0,0,0,1,1,0.0,-0.9046111702919006,0,0
M-012408,PlayCanvas,src/platform/graphics/webgpu/webgpu-mipmap-renderer.js,59,62,4,1,0,0,0,0,1,0.0,-0.9452003240585327,0,0
M-012461,PlayCanvas,src/platform/graphics/webgpu/webgpu-texture.js,388,416,29,1,0,3,3,4,1,0.0,-0.3081950843334198,0,0
M-012529,PlayCanvas,src/platform/input/keyboard.js,155,168,14,2,1,0,0,0,1,0.0,-0.5041348934173584,0,0
M-012540,PlayCanvas,src/platform/input/mouse-event.js,25,152,128,21,2,0,0,2,1,0.0,-0.0712502971291542,1,0
M-012698,PlayCanvas,src/scene/batching/batch-manager.js,434,547,114,29,6,7,7,4,1,0.0,0.5342638492584229,1,1
M-012700,PlayCanvas,src/scene/batching/batch-manager.js,628,829,202,32,10,2,2,3,1,0.0,0.4083692133426666,1,1
M-012787,PlayCanvas,src/scene/composition/layer-composition.js,229,289,61,14,3,2,2,7,1,0.0,0.342038094997406,0,1
M-012788,PlayCanvas,src/scene/composition/layer-composition.js,293,322,30,8,4,0,0,2,1,0.0,-0.11160425841808319,0,0
M-012935,PlayCanvas,src/scene/immediate/immediate.js,103,111,9,1,0,0,0,0,1,0.0,-0.9657328128814697,0,0
M-012959,PlayCanvas,src/scene/layer.js,601,624,24,5,4,2,2,2,1,0.0,-0.005001790821552277,0,0
M-012973,PlayCanvas,src/scene/layer.js,857,860,4,1,0,0,0,0,1,0.0,-0.9271373152732849,0,0
M-013074,PlayCanvas,src/scene/lighting/lighting-params.js,143,150,8,2,1,0,0,1,1,0.0,-0.8468360304832458,0,0
M-013103,PlayCanvas,src/scene/lighting/lights-buffer.js,372,377,6,2,2,1,1,3,1,0.0,-0.47883546352386475,0,0
M-013104,PlayCanvas,src/scene/lighting/lights-buffer.js,380,498,119,24,3,8,8,3,1,0.0,0.4663168787956238,1,1
M-013189,PlayCanvas,src/scene/materials/standard-material-validator.js,67,75,9,2,1,0,0,2,1,0.0,-0.7483540773391724,0,0
M-013190,PlayCanvas,src/scene/materials/standard-material-validator.js,77,179,103,43,6,3,3,1,1,0.0,0.3923701345920563,1,1
M-013205,PlayCanvas,src/scene/materials/standard-material.js,698,825,128,42,2,2,2,2,1,0.0,0.08744656294584274,1,1
M-013273,PlayCanvas,src/scene/mesh.js,316,441,126,27,9,10,10,1,1,0.0,0.24018454551696777,1,1
M-013346,PlayCanvas,src/scene/particle-system/cpu-updater.js,162,464,303,45,5,4,4,8,4,3.5,0.39223504066467285,1,1
M-013358,PlayCanvas,src/scene/particle-system/particle-emitter.js,560,719,160,39,2,9,9,0,1,0.0,0.0491819866001606,1,1
M-013365,PlayCanvas,src/scene/particle-system/particle-emitter.js,969,1085,117,18,6,2,2,1,1,0.0,0.3643887937068939,1,1
M-013371,PlayCanvas,src/scene/particle-system/particle-emitter.js,1211,1278,68,15,1,0,0,0,1,0.0,-0.22106662392616272,0,0
M-013401,PlayCanvas,src/scene/renderer/forward-renderer.js,746,856,111,22,6,2,2,2,1,0.0,0.3192332088947296,1,1
M-013572,PlayCanvas,src/scene/shader-lib/programs/lit-shader.js,195,400,206,32,3,6,6,3,1,0.0,0.41621196269989014,1,1
M-013576,PlayCanvas,src/scene/shader-lib/programs/lit-shader.js,446,558,113,37,3,11,11,0,1,0.0,0.47277382016181946,1,1
M-013577,PlayCanvas,src/scene/shader-lib/programs/lit-shader.js,561,1551,991,314,7,15,15,0,1,0.0,0.4175298511981964,1,1
M-013599,PlayCanvas,src/scene/shader-lib/programs/standard.js,209,513,305,54,4,12,12,2,3,3.0,0.3613007068634033,1,1
M-013730,OpenLayers,src/ol/control/MousePosition.js,182,185,4,1,0,1,1,1,1,0.0,-0.864962100982666,0,0
M-013749,OpenLayers,src/ol/control/OverviewMap.js,556,578,23,4,2,1,1,0,1,0.0,-0.2313254326581955,0,0
M-013767,OpenLayers,src/ol/control/ScaleLine.js,228,358,131,31,3,8,8,0,1,0.0,0.4217134714126587,1,1
M-013881,OpenLayers,src/ol/format/GML2.js,130,145,16,2,1,1,1,2,1,0.0,-0.623335599899292,0,0
M-013903,OpenLayers,src/ol/format/GML2.js,614,632,19,2,1,4,4,3,1,0.0,-0.24400781095027924,0,0
M-013988,OpenLayers,src/ol/format/JSONFeature.js,36,41,6,1,0,0,0,2,1,0.0,-0.8121914267539978,0,0
M-014111,OpenLayers,src/ol/format/WKB.js,796,809,14,5,1,2,2,1,1,0.0,-0.38604098558425903,0,0
M-014122,OpenLayers,src/ol/format/WKT.js,217,224,8,2,2,1,1,0,1,0.0,-0.4686031937599182,0,0
M-014135,OpenLayers,src/ol/format/WKT.js,418,426,9,3,2,0,0,0,1,0.0,-0.5000543594360352,0,0
M-014164,OpenLayers,src/ol/format/XMLFeature.js,18,26,9,1,0,0,0,0,1,0.0,-0.9466940760612488,0,0
M-014308,OpenLayers,src/ol/geom/MultiPolygon.js,151,166,16,2,2,3,3,0,1,0.0,-0.3548145294189453,0,0
M-014432,OpenLayers,src/ol/interaction/Draw.js,590,935,346,26,7,1,1,1,1,0.0,-0.009457888081669807,1,1
M-014520,OpenLayers,src/ol/interaction/Modify.js,876,976,101,15,5,3,3,1,1,0.0,0.3818894028663635,1,1
M-014524,OpenLayers,src/ol/interaction/Modify.js,1165,1300,136,21,7,3,3,3,3,3.0,0.37476566433906555,1,1
M-014527,OpenLayers,src/ol/interaction/Modify.js,1405,1518,114,24,5,2,2,0,1,0.0,0.08966397494077682,1,1
M-014577,OpenLayers,src/ol/interaction/Snap.js,458,561,104,14,7,7,7,3,1,0.0,0.3960031270980835,1,1
M-014655,OpenLayers,src/ol/layer/Graticule.js,789,1003,215,32,3,7,7,4,1,0.0,0.31189215183258057,1,1
M-014756,OpenLayers,src/ol/Map.js,800,816,17,2,0,6,6,1,1,0.0,-0.34620219469070435,0,0
M-014799,OpenLayers,src/ol/Map.js,1532,1639,108,25,3,3,3,1,1,0.0,0.3820335268974304,1,1
M-014899,OpenLayers,src/ol/render/canvas/Builder.js,142,156,15,3,3,3,3,2,1,0.0,-0.11338254809379578,0,0
M-014916,OpenLayers,src/ol/render/canvas/BuilderGroup.js,83,102,20,4,1,1,1,2,1,0.0,-0.2903110384941101,0,0
M-014918,OpenLayers,src/ol/render/canvas/Executor.js,229,337,109,24,4,23,23,4,1,0.0,0.13391666114330292,1,1
M-014925,OpenLayers,src/ol/render/canvas/Executor.js,640,1198,559,83,9,6,6,8,1,0.0,0.35485318303108215,1,1
M-014946,OpenLayers,src/ol/render/canvas/Immediate.js,489,535,47,10,2,0,0,1,1,0.0,0.2684206962585449,0,1
M-014979,OpenLayers,src/ol/render/canvas/TextBuilder.js,163,449,287,50,7,5,5,2,1,0.0,0.2844269275665283,1,1
M-014982,OpenLayers,src/ol/render/canvas/TextBuilder.js,554,659,106,31,3,0,0,2,1,0.0,0.3781866133213043,1,1
M-015026,OpenLayers,src/ol/render/webgl/MixedGeometryBatch.js,275,428,154,23,5,0,0,6,1,0.0,0.2535320818424225,1,1
M-015032,OpenLayers,src/ol/render/webgl/VectorStyleRenderer.js,307,338,32,4,0,3,3,2,1,0.0,-0.33681243658065796,0,0
M-015057,OpenLayers,src/ol/renderer/canvas/TileLayer.js,249,573,325,42,11,31,31,2,1,0.0,0.48712778091430664,1,1
M-015083,OpenLayers,src/ol/renderer/canvas/VectorLayer.js,540,748,209,28,3,26,26,1,1,0.0,0.5084261894226074,1,1
M-015085,OpenLayers,src/ol/renderer/canvas/VectorTileLayer.js,67,96,30,1,0,0,0,1,1,0.0,-0.722600519657135,0,0
M-015091,OpenLayers,src/ol/renderer/canvas/VectorTileLayer.js,189,320,132,20,5,12,12,3,1,0.0,0.48104745149612427,1,1
M-015098,OpenLayers,src/ol/renderer/canvas/VectorTileLayer.js,624,726,103,13,8,14,14,2,1,0.0,0.45236608386039734,1,1
M-015161,OpenLayers,src/ol/renderer/webgl/TileLayer.js,262,352,91,17,4,8,8,1,1,0.0,0.41624176502227783,1,1
M-015168,OpenLayers,src/ol/renderer/webgl/TileLayerBase.js,285,404,120,14,8,10,10,5,1,0.0,0.438602089881897,1,1
M-015172,OpenLayers,src/ol/renderer/webgl/TileLayerBase.js,521,708,188,18,5,18,18,1,3,3.0,0.3568039536476135,1,1
M-015224,OpenLayers,src/ol/reproj/Triangulation.js,286,474,189,53,4,4,4,9,1,0.0,0.044458262622356415,1,1
M-015239,OpenLayers,src/ol/source/Cluster.js,73,144,72,5,2,0,0,1,1,0.0,0.2323656529188156,0,1
M-015267,OpenLayers,src/ol/source/GeoTIFF.js,513,523,11,3,3,1,1,1,1,0.0,-0.30518093705177307,0,0
M-015268,OpenLayers,src/ol/source/GeoTIFF.js,532,764,233,31,6,6,6,1,1,0.0,0.3369024693965912,1,1
M-015270,OpenLayers,src/ol/source/GeoTIFF.js,858,966,109,25,9,10,10,2,1,0.0,0.43729424476623535,1,1
M-015271,OpenLayers,src/ol/source/IIIF.js,66,351,286,61,6,18,18,1,1,0.0,0.43424493074417114,1,1
M-015286,OpenLayers,src/ol/source/ImageArcGISRest.js,198,204,7,2,1,0,0,1,1,0.0,-0.8104649782180786,0,0
M-015444,OpenLayers,src/ol/source/Vector.js,375,385,11,1,0,0,0,2,1,0.0,-0.3915424644947052,0,0
M-015517,OpenLayers,src/ol/structs/LRUCache.js,28,59,32,2,0,0,0,1,1,0.0,-0.7463328838348389,0,0
M-015538,OpenLayers,src/ol/structs/PriorityQueue.js,74,89,16,2,1,4,4,0,1,0.0,-0.14311838150024414,0,0
M-015572,OpenLayers,src/ol/style/Icon.js,86,281,196,37,6,5,5,1,1,0.0,0.3843907117843628,1,1
M-015598,OpenLayers,src/ol/style/IconImage.js,157,160,4,2,0,0,0,1,1,0.0,-0.8990343809127808,0,0
M-015661,OpenLayers,src/ol/style/RegularShape.js,517,544,28,5,2,0,0,3,1,0.0,-0.16151176393032074,0,0
M-015701,OpenLayers,src/ol/style/Text.js,214,241,28,7,0,1,1,0,1,0.0,-0.3245317041873932,0,0
M-015820,OpenLayers,src/ol/View.js,615,702,88,19,3,1,1,1,1,0.0,0.36666426062583923,1,1
M-015855,OpenLayers,src/ol/View.js,1286,1303,18,4,2,0,0,1,1,0.0,-0.14771127700805664,0,0
M-016019,ApexCharts,src/apexcharts.js,684,688,5,1,0,1,1,0,1,0.0,-0.8147103786468506,0,0
M-016021,ApexCharts,src/apexcharts.js,694,697,4,1,0,1,1,1,1,0.0,-0.8796934485435486,0,0
M-016072,ApexCharts,src/charts/common/circle/Helpers.js,9,29,21,2,0,5,5,4,1,0.0,-0.32544568181037903,0,0
M-016097,ApexCharts,src/charts/Pie.js,14,65,52,5,1,1,1,1,1,0.0,0.17852242290973663,0,1
M-016099,ApexCharts,src/charts/Pie.js,201,411,211,26,5,1,1,2,1,0.0,0.2821815609931946,1,1
M-016100,ApexCharts,src/charts/Pie.js,413,445,33,2,1,1,1,2,1,0.0,-0.04842718318104744,0,0
M-016101,ApexCharts,src/charts/Pie.js,448,481,34,9,2,0,0,2,1,0.0,0.42207610607147217,0,1
M-016108,ApexCharts,src/charts/Pie.js,888,934,47,10,2,2,2,4,1,0.0,0.25203341245651245,0,1
M-016118,ApexCharts,src/charts/Radar.js,488,504,17,5,4,0,0,1,1,0.0,-0.2491091787815094,0,0
M-016123,ApexCharts,src/charts/Radial.js,195,387,193,24,3,0,0,1,1,0.0,0.31717583537101746,1,1
M-016126,ApexCharts,src/charts/Radial.js,457,466,10,1,0,1,1,1,1,0.0,-0.37774163484573364,0,0
M-016134,ApexCharts,src/charts/Scatter.js,103,261,159,26,5,3,3,7,1,0.0,0.2561776638031006,1,1
M-016135,ApexCharts,src/charts/Scatter.js,263,270,8,1,0,0,0,1,1,0.0,-0.6958503127098083,0,0
M-016168,ApexCharts,src/modules/annotations/Helpers.js,9,44,36,5,3,0,0,2,1,0.0,0.028381215408444405,0,0
M-016187,ApexCharts,src/modules/axes/AxesUtils.js,13,113,101,18,5,3,3,7,1,0.0,0.09437137842178345,1,1
M-016199,ApexCharts,src/modules/axes/Grid.js,206,242,37,14,1,4,4,1,1,0.0,-0.17152099311351776,0,0
M-016200,ApexCharts,src/modules/axes/Grid.js,244,265,22,5,0,4,4,1,1,0.0,-0.06980361044406891,0,0
M-016208,ApexCharts,src/modules/axes/XAxis.js,340,520,181,22,6,2,2,1,1,0.0,0.3345734477043152,1,1
M-016213,ApexCharts,src/modules/axes/YAxis.js,33,203,171,18,5,1,1,1,1,0.0,0.18705275654792786,1,1
M-016225,ApexCharts,src/modules/Core.js,129,367,239,27,5,3,3,2,1,0.0,0.20950140058994293,1,1
M-016245,ApexCharts,src/modules/CoreUtils.js,172,191,20,1,5,2,2,2,1,0.0,-0.2843892574310303,0,0
M-016258,ApexCharts,src/modules/Data.js,24,39,16,6,1,2,2,0,1,0.0,-0.31276413798332214,0,0
M-016261,ApexCharts,src/modules/Data.js,102,190,89,23,5,3,3,2,1,0.0,0.43742799758911133,1,1
M-016285,ApexCharts,src/modules/dimensions/Grid.js,9,82,74,17,3,4,4,1,1,0.0,-0.18374153971672058,0,0
M-016297,ApexCharts,src/modules/dimensions/XAxis.js,282,372,91,2,4,8,8,1,1,0.0,0.3716190457344055,0,1
M-016300,ApexCharts,src/modules/dimensions/YAxis.js,124,153,30,1,3,0,0,0,1,0.0,-0.23951542377471924,0,0
M-016313,ApexCharts,src/modules/Exports.js,94,100,7,1,0,2,2,0,1,0.0,-0.7357414960861206,0,0
M-016322,ApexCharts,src/modules/Fill.js,98,204,107,21,2,0,0,1,1,0.0,0.3640625476837158,1,1
M-016326,ApexCharts,src/modules/Fill.js,314,405,92,19,3,1,1,1,1,0.0,0.3828105330467224,1,1
M-016344,ApexCharts,src/modules/Graphics.js,47,198,152,14,4,18,18,2,1,0.0,0.3188612759113312,1,1
M-016348,ApexCharts,src/modules/Graphics.js,275,284,10,3,1,2,2,2,1,0.0,-0.27563363313674927,0,0
M-016353,ApexCharts,src/modules/Graphics.js,347,350,4,1,0,0,0,6,1,0.0,-0.761090874671936,0,0
M-016358,ApexCharts,src/modules/Graphics.js,546,640,95,23,5,0,0,9,1,0.0,0.3250613808631897,1,1
M-016377,ApexCharts,src/modules/helpers/UpdateHelpers.js,8,11,4,1,0,0,0,1,1,0.0,-0.9348877668380737,0,0
M-016388,ApexCharts,src/modules/legend/Helpers.js,96,100,5,1,0,1,1,0,1,0.0,-0.8415933847427368,0,0
M-016395,ApexCharts,src/modules/legend/Legend.js,68,305,238,54,6,0,0,0,1,0.0,0.3373029828071594,1,1
M-016399,ApexCharts,src/modules/legend/Legend.js,404,430,27,8,2,2,2,1,1,0.0,-0.08836816251277924,0,0
M-016409,ApexCharts,src/modules/Range.js,25,174,150,41,9,3,3,4,3,3.0,0.37609344720840454,1,1
M-016411,ApexCharts,src/modules/Range.js,314,440,127,35,8,2,2,0,1,0.0,0.12500956654548645,1,1
M-016423,ApexCharts,src/modules/Scales.js,185,225,41,4,2,6,6,3,1,0.0,-0.41878601908683777,0,0
M-016446,ApexCharts,src/modules/Series.js,384,388,5,1,0,1,1,0,1,0.0,-0.8543655872344971,0,0
M-016466,ApexCharts,src/modules/settings/Defaults.js,285,331,47,1,0,0,0,0,1,0.0,0.30498379468917847,0,1
M-016486,ApexCharts,src/modules/settings/Defaults.js,1043,1076,34,1,0,0,0,0,1,0.0,-0.3275918960571289,0,0
M-016488,ApexCharts,src/modules/settings/Globals.js,4,72,69,1,0,0,0,1,1,0.0,-0.16797760128974915,0,0
M-016495,ApexCharts,src/modules/Theme.js,31,145,115,15,5,2,2,0,1,0.0,0.24903397262096405,1,1
M-016497,ApexCharts,src/modules/Theme.js,178,198,21,8,0,3,3,1,1,0.0,-0.3293910026550293,0,0
M-016498,ApexCharts,src/modules/Theme.js,200,240,41,11,1,0,0,0,1,0.0,0.42632099986076355,0,1
M-016500,ApexCharts,src/modules/TimeScale.js,24,278,255,17,4,10,10,2,1,0.0,0.3219850957393646,1,1
M-016501,ApexCharts,src/modules/TimeScale.js,280,296,17,1,0,3,3,2,1,0.0,-0.28633251786231995,0,0
M-016503,ApexCharts,src/modules/TimeScale.js,346,407,62,6,2,1,1,1,1,0.0,-0.16787481307983398,0,0
M-016518,ApexCharts,src/modules/Toolbar.js,164,200,37,3,2,1,1,1,1,0.0,-0.39347854256629944,0,0
M-016532,ApexCharts,src/modules/Toolbar.js,459,476,18,4,1,2,2,1,1,0.0,-0.3491255044937134,0,0
M-016545,ApexCharts,src/modules/tooltip/Intersect.js,147,249,103,27,3,5,5,1,1,0.0,0.3127422630786896,1,1
M-016549,ApexCharts,src/modules/tooltip/Labels.js,50,198,149,14,7,5,5,1,1,0.0,0.019774919375777245,1,1
M-016566,ApexCharts,src/modules/tooltip/Position.js,92,123,32,4,2,1,1,1,1,0.0,-0.1740715056657791,0,0
M-016572,ApexCharts,src/modules/tooltip/Position.js,359,441,83,27,3,4,4,2,1,0.0,0.3036631941795349,1,1
M-016577,ApexCharts,src/modules/tooltip/Tooltip.js,55,132,78,18,2,1,1,1,1,0.0,0.012090863659977913,0,1
M-016579,ApexCharts,src/modules/tooltip/Tooltip.js,189,288,100,35,4,6,6,0,1,0.0,0.14318270981311798,1,1
M-016593,ApexCharts,src/modules/tooltip/Tooltip.js,788,899,112,21,5,3,3,6,1,0.0,0.45214712619781494,1,1
M-016605,ApexCharts,src/modules/tooltip/Utils.js,323,327,5,1,0,0,0,0,1,0.0,-0.8932641744613647,0,0
M-016613,ApexCharts,src/modules/ZoomPanSelection.js,233,256,24,4,1,2,2,0,3,3.0,-0.15289771556854248,0,0
M-016616,ApexCharts,src/modules/ZoomPanSelection.js,353,362,10,2,1,0,0,1,1,0.0,-0.785077691078186,0,0
M-016628,ApexCharts,src/utils/DateTime.js,42,51,10,2,1,1,1,1,1,0.0,-0.3598834276199341,0,0
M-016637,ApexCharts,src/utils/Utils.js,6,10,5,1,2,0,0,2,1,0.0,-0.9234382510185242,0,0
M-016674,ApexCharts,src/utils/Utils.js,370,377,8,3,1,0,0,0,1,0.0,-0.5382300615310669,0,0
